impl,run,victim,observer,detect_s,false_deaths
kinship,0,69,n0,9.960,0
kinship,0,69,n1,9.965,0
kinship,0,69,n2,9.964,0
kinship,0,69,n3,9.965,0
kinship,0,69,n4,9.952,0
kinship,0,69,n5,9.965,0
kinship,0,69,n6,9.957,0
kinship,0,69,n7,9.970,0
kinship,0,69,n8,9.955,0
kinship,0,69,n9,9.964,0
kinship,0,69,n10,9.955,0
kinship,0,69,n11,9.959,0
kinship,0,69,n12,9.963,0
kinship,0,69,n13,9.955,0
kinship,0,69,n14,9.969,0
kinship,0,69,n15,9.964,0
kinship,0,69,n16,9.963,0
kinship,0,69,n17,10.059,0
kinship,0,69,n18,9.957,0
kinship,0,69,n19,9.985,0
kinship,0,69,n20,9.964,0
kinship,0,69,n21,9.987,0
kinship,0,69,n22,9.958,0
kinship,0,69,n23,9.964,0
kinship,0,69,n24,9.967,0
kinship,0,69,n25,9.964,0
kinship,0,69,n26,9.964,0
kinship,0,69,n27,9.965,0
kinship,0,69,n28,9.983,0
kinship,0,69,n29,9.954,0
kinship,0,69,n30,9.973,0
kinship,0,69,n31,9.962,0
kinship,0,69,n32,9.965,0
kinship,0,69,n33,9.966,0
kinship,0,69,n34,9.959,0
kinship,0,69,n35,9.957,0
kinship,0,69,n36,9.964,0
kinship,0,69,n37,9.956,0
kinship,0,69,n38,9.954,0
kinship,0,69,n39,9.958,0
kinship,0,69,n40,9.958,0
kinship,0,69,n41,10.056,0
kinship,0,69,n42,9.955,0
kinship,0,69,n43,9.965,0
kinship,0,69,n44,9.962,0
kinship,0,69,n45,9.962,0
kinship,0,69,n46,9.965,0
kinship,0,69,n47,9.962,0
kinship,0,69,n48,9.949,0
kinship,0,69,n49,9.959,0
kinship,0,69,n50,9.967,0
kinship,0,69,n51,9.962,0
kinship,0,69,n52,9.956,0
kinship,0,69,n53,9.958,0
kinship,0,69,n54,9.957,0
kinship,0,69,n55,9.963,0
kinship,0,69,n56,9.967,0
kinship,0,69,n57,9.964,0
kinship,0,69,n58,9.963,0
kinship,0,69,n59,9.955,0
kinship,0,69,n60,9.965,0
kinship,0,69,n61,9.959,0
kinship,0,69,n62,9.965,0
kinship,0,69,n63,9.955,0
kinship,0,69,n64,9.956,0
kinship,0,69,n65,9.968,0
kinship,0,69,n66,9.956,0
kinship,0,69,n67,9.963,0
kinship,0,69,n68,10.194,0
kinship,0,69,n70,9.973,0
kinship,0,69,n71,9.965,0
kinship,0,69,n72,9.957,0
kinship,0,69,n73,9.954,0
kinship,0,69,n74,10.010,0
kinship,0,69,n75,9.952,0
kinship,0,69,n76,9.973,0
kinship,0,69,n77,9.958,0
kinship,0,69,n78,9.965,0
kinship,0,69,n79,9.961,0
kinship,0,69,n80,9.964,0
kinship,0,69,n81,9.964,0
kinship,0,69,n82,9.958,0
kinship,0,69,n83,9.958,0
kinship,0,69,n84,9.964,0
kinship,0,69,n85,9.959,0
kinship,0,69,n86,9.973,0
kinship,0,69,n87,9.973,0
kinship,0,69,n88,9.965,0
kinship,0,69,n89,9.956,0
kinship,0,69,n90,10.086,0
kinship,0,69,n91,9.965,0
kinship,0,69,n92,9.962,0
kinship,0,69,n93,9.968,0
kinship,0,69,n94,9.966,0
kinship,0,69,n95,9.973,0
kinship,0,69,n96,9.948,0
kinship,0,69,n97,10.014,0
kinship,0,69,n98,9.958,0
kinship,0,69,n99,9.962,0
memberlist,0,69,n0,9.266,0
memberlist,0,69,n1,9.348,0
memberlist,0,69,n2,9.348,0
memberlist,0,69,n3,9.240,0
memberlist,0,69,n4,9.386,0
memberlist,0,69,n5,9.178,0
memberlist,0,69,n6,9.118,0
memberlist,0,69,n7,9.197,0
memberlist,0,69,n8,9.229,0
memberlist,0,69,n9,9.256,0
memberlist,0,69,n10,9.267,0
memberlist,0,69,n11,9.177,0
memberlist,0,69,n12,9.244,0
memberlist,0,69,n13,9.244,0
memberlist,0,69,n14,9.149,0
memberlist,0,69,n15,9.245,0
memberlist,0,69,n16,9.333,0
memberlist,0,69,n17,9.150,0
memberlist,0,69,n18,9.188,0
memberlist,0,69,n19,9.166,0
memberlist,0,69,n20,9.223,0
memberlist,0,69,n21,9.227,0
memberlist,0,69,n22,9.240,0
memberlist,0,69,n23,9.187,0
memberlist,0,69,n24,9.252,0
memberlist,0,69,n25,9.333,0
memberlist,0,69,n26,9.285,0
memberlist,0,69,n27,9.121,0
memberlist,0,69,n28,9.227,0
memberlist,0,69,n29,9.211,0
memberlist,0,69,n30,9.167,0
memberlist,0,69,n31,9.194,0
memberlist,0,69,n32,9.405,0
memberlist,0,69,n33,9.286,0
memberlist,0,69,n34,9.266,0
memberlist,0,69,n35,9.287,0
memberlist,0,69,n36,9.150,0
memberlist,0,69,n37,9.332,0
memberlist,0,69,n38,9.127,0
memberlist,0,69,n39,9.187,0
memberlist,0,69,n40,9.286,0
memberlist,0,69,n41,9.130,0
memberlist,0,69,n42,9.348,0
memberlist,0,69,n43,9.348,0
memberlist,0,69,n44,9.296,0
memberlist,0,69,n45,9.211,0
memberlist,0,69,n46,9.206,0
memberlist,0,69,n47,9.168,0
memberlist,0,69,n48,9.127,0
memberlist,0,69,n49,9.162,0
memberlist,0,69,n50,9.230,0
memberlist,0,69,n51,9.228,0
memberlist,0,69,n52,9.180,0
memberlist,0,69,n53,9.213,0
memberlist,0,69,n54,9.151,0
memberlist,0,69,n55,9.212,0
memberlist,0,69,n56,9.173,0
memberlist,0,69,n57,9.386,0
memberlist,0,69,n58,9.182,0
memberlist,0,69,n59,9.143,0
memberlist,0,69,n60,9.208,0
memberlist,0,69,n61,9.253,0
memberlist,0,69,n62,9.130,0
memberlist,0,69,n63,9.265,0
memberlist,0,69,n64,9.229,0
memberlist,0,69,n65,9.227,0
memberlist,0,69,n66,9.249,0
memberlist,0,69,n67,9.348,0
memberlist,0,69,n68,9.118,0
memberlist,0,69,n70,9.313,0
memberlist,0,69,n71,9.209,0
memberlist,0,69,n72,9.223,0
memberlist,0,69,n73,9.243,0
memberlist,0,69,n74,9.230,0
memberlist,0,69,n75,9.348,0
memberlist,0,69,n76,9.331,0
memberlist,0,69,n77,9.129,0
memberlist,0,69,n78,9.166,0
memberlist,0,69,n79,9.348,0
memberlist,0,69,n80,9.219,0
memberlist,0,69,n81,9.285,0
memberlist,0,69,n82,9.295,0
memberlist,0,69,n83,9.386,0
memberlist,0,69,n84,9.171,0
memberlist,0,69,n85,9.211,0
memberlist,0,69,n86,9.161,0
memberlist,0,69,n87,9.129,0
memberlist,0,69,n88,9.210,0
memberlist,0,69,n89,9.219,0
memberlist,0,69,n90,9.227,0
memberlist,0,69,n91,9.330,0
memberlist,0,69,n92,9.116,0
memberlist,0,69,n93,9.331,0
memberlist,0,69,n94,9.187,0
memberlist,0,69,n95,9.269,0
memberlist,0,69,n96,9.348,0
memberlist,0,69,n97,9.240,0
memberlist,0,69,n98,9.348,0
memberlist,0,69,n99,9.187,0
kinship,1,30,n0,10.201,0
kinship,1,30,n1,10.204,0
kinship,1,30,n2,10.207,0
kinship,1,30,n3,10.202,0
kinship,1,30,n4,10.200,0
kinship,1,30,n5,10.200,0
kinship,1,30,n6,10.203,0
kinship,1,30,n7,10.201,0
kinship,1,30,n8,10.206,0
kinship,1,30,n9,10.200,0
kinship,1,30,n10,10.208,0
kinship,1,30,n11,10.198,0
kinship,1,30,n12,10.202,0
kinship,1,30,n13,10.206,0
kinship,1,30,n14,10.196,0
kinship,1,30,n15,10.205,0
kinship,1,30,n16,10.201,0
kinship,1,30,n17,10.202,0
kinship,1,30,n18,10.203,0
kinship,1,30,n19,10.195,0
kinship,1,30,n20,10.199,0
kinship,1,30,n21,10.201,0
kinship,1,30,n22,10.206,0
kinship,1,30,n23,10.198,0
kinship,1,30,n24,10.197,0
kinship,1,30,n25,10.202,0
kinship,1,30,n26,10.202,0
kinship,1,30,n27,10.204,0
kinship,1,30,n28,10.201,0
kinship,1,30,n29,10.199,0
kinship,1,30,n31,10.198,0
kinship,1,30,n32,10.202,0
kinship,1,30,n33,10.199,0
kinship,1,30,n34,10.202,0
kinship,1,30,n35,10.202,0
kinship,1,30,n36,10.203,0
kinship,1,30,n37,10.208,0
kinship,1,30,n38,10.202,0
kinship,1,30,n39,10.200,0
kinship,1,30,n40,10.198,0
kinship,1,30,n41,10.200,0
kinship,1,30,n42,10.200,0
kinship,1,30,n43,10.198,0
kinship,1,30,n44,10.202,0
kinship,1,30,n45,10.200,0
kinship,1,30,n46,10.201,0
kinship,1,30,n47,10.205,0
kinship,1,30,n48,10.199,0
kinship,1,30,n49,10.204,0
kinship,1,30,n50,10.198,0
kinship,1,30,n51,10.201,0
kinship,1,30,n52,10.202,0
kinship,1,30,n53,10.197,0
kinship,1,30,n54,10.209,0
kinship,1,30,n55,10.202,0
kinship,1,30,n56,10.195,0
kinship,1,30,n57,10.204,0
kinship,1,30,n58,10.202,0
kinship,1,30,n59,10.195,0
kinship,1,30,n60,10.195,0
kinship,1,30,n61,10.205,0
kinship,1,30,n62,10.200,0
kinship,1,30,n63,10.192,0
kinship,1,30,n64,10.206,0
kinship,1,30,n65,10.204,0
kinship,1,30,n66,10.202,0
kinship,1,30,n67,10.206,0
kinship,1,30,n68,10.204,0
kinship,1,30,n69,10.205,0
kinship,1,30,n70,10.201,0
kinship,1,30,n71,10.206,0
kinship,1,30,n72,10.202,0
kinship,1,30,n73,10.203,0
kinship,1,30,n74,10.199,0
kinship,1,30,n75,10.209,0
kinship,1,30,n76,10.201,0
kinship,1,30,n77,10.198,0
kinship,1,30,n78,10.215,0
kinship,1,30,n79,10.206,0
kinship,1,30,n80,10.202,0
kinship,1,30,n81,10.198,0
kinship,1,30,n82,10.199,0
kinship,1,30,n83,10.201,0
kinship,1,30,n84,10.203,0
kinship,1,30,n85,10.203,0
kinship,1,30,n86,10.194,0
kinship,1,30,n87,10.208,0
kinship,1,30,n88,10.202,0
kinship,1,30,n89,10.195,0
kinship,1,30,n90,10.203,0
kinship,1,30,n91,10.200,0
kinship,1,30,n92,10.207,0
kinship,1,30,n93,10.203,0
kinship,1,30,n94,10.205,0
kinship,1,30,n95,10.197,0
kinship,1,30,n96,10.208,0
kinship,1,30,n97,10.199,0
kinship,1,30,n98,10.204,0
kinship,1,30,n99,10.199,0
memberlist,1,30,n0,10.104,0
memberlist,1,30,n1,10.103,0
memberlist,1,30,n2,10.223,0
memberlist,1,30,n3,10.206,0
memberlist,1,30,n4,10.286,0
memberlist,1,30,n5,10.157,0
memberlist,1,30,n6,10.162,0
memberlist,1,30,n7,10.363,0
memberlist,1,30,n8,10.154,0
memberlist,1,30,n9,10.178,0
memberlist,1,30,n10,10.178,0
memberlist,1,30,n11,10.157,0
memberlist,1,30,n12,10.162,0
memberlist,1,30,n13,10.244,0
memberlist,1,30,n14,10.339,0
memberlist,1,30,n15,10.242,0
memberlist,1,30,n16,10.101,0
memberlist,1,30,n17,10.234,0
memberlist,1,30,n18,10.219,0
memberlist,1,30,n19,10.304,0
memberlist,1,30,n20,10.279,0
memberlist,1,30,n21,10.087,0
memberlist,1,30,n22,10.177,0
memberlist,1,30,n23,10.241,0
memberlist,1,30,n24,10.215,0
memberlist,1,30,n25,10.311,0
memberlist,1,30,n26,10.104,0
memberlist,1,30,n27,10.273,0
memberlist,1,30,n28,10.244,0
memberlist,1,30,n29,10.157,0
memberlist,1,30,n31,10.245,0
memberlist,1,30,n32,10.153,0
memberlist,1,30,n33,10.168,0
memberlist,1,30,n34,10.153,0
memberlist,1,30,n35,10.119,0
memberlist,1,30,n36,10.119,0
memberlist,1,30,n37,10.389,0
memberlist,1,30,n38,10.168,0
memberlist,1,30,n39,10.244,0
memberlist,1,30,n40,10.213,0
memberlist,1,30,n41,10.352,0
memberlist,1,30,n42,10.153,0
memberlist,1,30,n43,10.157,0
memberlist,1,30,n44,10.285,0
memberlist,1,30,n45,10.353,0
memberlist,1,30,n46,10.200,0
memberlist,1,30,n47,10.103,0
memberlist,1,30,n48,10.214,0
memberlist,1,30,n49,10.217,0
memberlist,1,30,n50,10.310,0
memberlist,1,30,n51,10.119,0
memberlist,1,30,n52,10.284,0
memberlist,1,30,n53,10.243,0
memberlist,1,30,n54,10.221,0
memberlist,1,30,n55,10.282,0
memberlist,1,30,n56,10.329,0
memberlist,1,30,n57,10.153,0
memberlist,1,30,n58,10.057,0
memberlist,1,30,n59,10.318,0
memberlist,1,30,n60,10.118,0
memberlist,1,30,n61,10.241,0
memberlist,1,30,n62,10.220,0
memberlist,1,30,n63,10.179,0
memberlist,1,30,n64,10.243,0
memberlist,1,30,n65,10.157,0
memberlist,1,30,n66,10.286,0
memberlist,1,30,n67,10.221,0
memberlist,1,30,n68,10.153,0
memberlist,1,30,n69,10.221,0
memberlist,1,30,n70,10.157,0
memberlist,1,30,n71,10.118,0
memberlist,1,30,n72,10.213,0
memberlist,1,30,n73,10.202,0
memberlist,1,30,n74,10.224,0
memberlist,1,30,n75,10.234,0
memberlist,1,30,n76,10.281,0
memberlist,1,30,n77,10.233,0
memberlist,1,30,n78,10.302,0
memberlist,1,30,n79,10.178,0
memberlist,1,30,n80,10.163,0
memberlist,1,30,n81,10.220,0
memberlist,1,30,n82,10.223,0
memberlist,1,30,n83,10.313,0
memberlist,1,30,n84,10.285,0
memberlist,1,30,n85,10.154,0
memberlist,1,30,n86,10.329,0
memberlist,1,30,n87,10.340,0
memberlist,1,30,n88,10.221,0
memberlist,1,30,n89,10.157,0
memberlist,1,30,n90,10.154,0
memberlist,1,30,n91,10.245,0
memberlist,1,30,n92,10.258,0
memberlist,1,30,n93,10.060,0
memberlist,1,30,n94,10.249,0
memberlist,1,30,n95,10.256,0
memberlist,1,30,n96,10.220,0
memberlist,1,30,n97,10.174,0
memberlist,1,30,n98,10.233,0
memberlist,1,30,n99,10.221,0
kinship,2,12,n0,9.366,0
kinship,2,12,n1,9.436,0
kinship,2,12,n2,9.366,0
kinship,2,12,n3,9.372,0
kinship,2,12,n4,9.375,0
kinship,2,12,n5,9.372,0
kinship,2,12,n6,9.366,0
kinship,2,12,n7,9.368,0
kinship,2,12,n8,9.372,0
kinship,2,12,n9,9.434,0
kinship,2,12,n10,9.369,0
kinship,2,12,n11,9.371,0
kinship,2,12,n13,9.362,0
kinship,2,12,n14,9.366,0
kinship,2,12,n15,9.369,0
kinship,2,12,n16,9.362,0
kinship,2,12,n17,9.369,0
kinship,2,12,n18,9.364,0
kinship,2,12,n19,9.373,0
kinship,2,12,n20,9.358,0
kinship,2,12,n21,9.368,0
kinship,2,12,n22,9.375,0
kinship,2,12,n23,9.388,0
kinship,2,12,n24,9.368,0
kinship,2,12,n25,9.410,0
kinship,2,12,n26,9.365,0
kinship,2,12,n27,9.369,0
kinship,2,12,n28,9.360,0
kinship,2,12,n29,9.367,0
kinship,2,12,n30,9.375,0
kinship,2,12,n31,9.423,0
kinship,2,12,n32,9.364,0
kinship,2,12,n33,9.368,0
kinship,2,12,n34,9.368,0
kinship,2,12,n35,9.372,0
kinship,2,12,n36,9.372,0
kinship,2,12,n37,9.368,0
kinship,2,12,n38,9.364,0
kinship,2,12,n39,9.364,0
kinship,2,12,n40,9.372,0
kinship,2,12,n41,9.382,0
kinship,2,12,n42,9.364,0
kinship,2,12,n43,9.366,0
kinship,2,12,n44,9.372,0
kinship,2,12,n45,9.363,0
kinship,2,12,n46,9.372,0
kinship,2,12,n47,9.368,0
kinship,2,12,n48,9.369,0
kinship,2,12,n49,9.370,0
kinship,2,12,n50,9.396,0
kinship,2,12,n51,9.369,0
kinship,2,12,n52,9.398,0
kinship,2,12,n53,9.367,0
kinship,2,12,n54,9.371,0
kinship,2,12,n55,9.367,0
kinship,2,12,n56,9.369,0
kinship,2,12,n57,9.367,0
kinship,2,12,n58,9.389,0
kinship,2,12,n59,9.369,0
kinship,2,12,n60,9.378,0
kinship,2,12,n61,9.368,0
kinship,2,12,n62,9.373,0
kinship,2,12,n63,9.367,0
kinship,2,12,n64,9.365,0
kinship,2,12,n65,9.368,0
kinship,2,12,n66,9.367,0
kinship,2,12,n67,9.364,0
kinship,2,12,n68,9.369,0
kinship,2,12,n69,9.364,0
kinship,2,12,n70,9.369,0
kinship,2,12,n71,9.372,0
kinship,2,12,n72,9.367,0
kinship,2,12,n73,9.435,0
kinship,2,12,n74,9.372,0
kinship,2,12,n75,9.367,0
kinship,2,12,n76,9.364,0
kinship,2,12,n77,9.372,0
kinship,2,12,n78,9.369,0
kinship,2,12,n79,9.366,0
kinship,2,12,n80,9.377,0
kinship,2,12,n81,9.481,0
kinship,2,12,n82,9.364,0
kinship,2,12,n83,9.364,0
kinship,2,12,n84,9.430,0
kinship,2,12,n85,9.362,0
kinship,2,12,n86,9.382,0
kinship,2,12,n87,9.369,0
kinship,2,12,n88,9.367,0
kinship,2,12,n89,9.372,0
kinship,2,12,n90,9.369,0
kinship,2,12,n91,9.369,0
kinship,2,12,n92,9.369,0
kinship,2,12,n93,9.369,0
kinship,2,12,n94,9.380,0
kinship,2,12,n95,9.364,0
kinship,2,12,n96,9.368,0
kinship,2,12,n97,9.372,0
kinship,2,12,n98,9.389,0
kinship,2,12,n99,9.364,0
memberlist,2,12,n0,11.654,0
memberlist,2,12,n1,11.526,0
memberlist,2,12,n2,11.595,0
memberlist,2,12,n3,11.620,0
memberlist,2,12,n4,11.642,0
memberlist,2,12,n5,11.721,0
memberlist,2,12,n6,11.615,0
memberlist,2,12,n7,11.586,0
memberlist,2,12,n8,11.720,0
memberlist,2,12,n9,11.586,0
memberlist,2,12,n10,11.661,0
memberlist,2,12,n11,11.706,0
memberlist,2,12,n13,11.541,0
memberlist,2,12,n14,11.610,0
memberlist,2,12,n15,11.554,0
memberlist,2,12,n16,11.858,0
memberlist,2,12,n17,11.597,0
memberlist,2,12,n18,11.611,0
memberlist,2,12,n19,11.598,0
memberlist,2,12,n20,11.615,0
memberlist,2,12,n21,11.607,0
memberlist,2,12,n22,11.682,0
memberlist,2,12,n23,11.520,0
memberlist,2,12,n24,11.494,0
memberlist,2,12,n25,11.579,0
memberlist,2,12,n26,11.554,0
memberlist,2,12,n27,11.622,0
memberlist,2,12,n28,11.685,0
memberlist,2,12,n29,11.568,0
memberlist,2,12,n30,11.615,0
memberlist,2,12,n31,11.494,0
memberlist,2,12,n32,11.579,0
memberlist,2,12,n33,11.640,0
memberlist,2,12,n34,11.695,0
memberlist,2,12,n35,11.579,0
memberlist,2,12,n36,11.541,0
memberlist,2,12,n37,11.612,0
memberlist,2,12,n38,11.691,0
memberlist,2,12,n39,11.767,0
memberlist,2,12,n40,11.596,0
memberlist,2,12,n41,11.496,0
memberlist,2,12,n42,11.481,0
memberlist,2,12,n43,11.715,0
memberlist,2,12,n44,11.620,0
memberlist,2,12,n45,11.582,0
memberlist,2,12,n46,11.494,0
memberlist,2,12,n47,11.618,0
memberlist,2,12,n48,11.520,0
memberlist,2,12,n49,11.637,0
memberlist,2,12,n50,11.643,0
memberlist,2,12,n51,11.599,0
memberlist,2,12,n52,11.618,0
memberlist,2,12,n53,11.579,0
memberlist,2,12,n54,11.554,0
memberlist,2,12,n55,11.598,0
memberlist,2,12,n56,11.640,0
memberlist,2,12,n57,11.599,0
memberlist,2,12,n58,11.589,0
memberlist,2,12,n59,11.652,0
memberlist,2,12,n60,11.422,0
memberlist,2,12,n61,11.494,0
memberlist,2,12,n62,11.533,0
memberlist,2,12,n63,11.686,0
memberlist,2,12,n64,11.599,0
memberlist,2,12,n65,11.522,0
memberlist,2,12,n66,11.705,0
memberlist,2,12,n67,11.589,0
memberlist,2,12,n68,11.579,0
memberlist,2,12,n69,11.522,0
memberlist,2,12,n70,11.779,0
memberlist,2,12,n71,11.579,0
memberlist,2,12,n72,11.657,0
memberlist,2,12,n73,11.672,0
memberlist,2,12,n74,11.464,0
memberlist,2,12,n75,11.701,0
memberlist,2,12,n76,11.566,0
memberlist,2,12,n77,11.525,0
memberlist,2,12,n78,11.708,0
memberlist,2,12,n79,11.567,0
memberlist,2,12,n80,11.522,0
memberlist,2,12,n81,11.657,0
memberlist,2,12,n82,11.714,0
memberlist,2,12,n83,11.534,0
memberlist,2,12,n84,11.618,0
memberlist,2,12,n85,11.669,0
memberlist,2,12,n86,11.520,0
memberlist,2,12,n87,11.526,0
memberlist,2,12,n88,11.623,0
memberlist,2,12,n89,11.494,0
memberlist,2,12,n90,11.615,0
memberlist,2,12,n91,11.618,0
memberlist,2,12,n92,11.520,0
memberlist,2,12,n93,11.597,0
memberlist,2,12,n94,11.582,0
memberlist,2,12,n95,11.589,0
memberlist,2,12,n96,11.683,0
memberlist,2,12,n97,11.533,0
memberlist,2,12,n98,11.424,0
memberlist,2,12,n99,11.637,0
kinship,3,19,n0,11.509,0
kinship,3,19,n1,11.502,0
kinship,3,19,n2,11.510,0
kinship,3,19,n3,11.512,0
kinship,3,19,n4,11.505,0
kinship,3,19,n5,11.510,0
kinship,3,19,n6,11.511,0
kinship,3,19,n7,11.504,0
kinship,3,19,n8,11.508,0
kinship,3,19,n9,11.500,0
kinship,3,19,n10,11.511,0
kinship,3,19,n11,11.507,0
kinship,3,19,n12,11.507,0
kinship,3,19,n13,11.501,0
kinship,3,19,n14,11.506,0
kinship,3,19,n15,11.521,0
kinship,3,19,n16,11.507,0
kinship,3,19,n17,11.553,0
kinship,3,19,n18,11.507,0
kinship,3,19,n20,11.510,0
kinship,3,19,n21,11.508,0
kinship,3,19,n22,11.513,0
kinship,3,19,n23,11.502,0
kinship,3,19,n24,11.509,0
kinship,3,19,n25,11.505,0
kinship,3,19,n26,11.499,0
kinship,3,19,n27,11.508,0
kinship,3,19,n28,11.529,0
kinship,3,19,n29,11.508,0
kinship,3,19,n30,11.500,0
kinship,3,19,n31,11.508,0
kinship,3,19,n32,11.512,0
kinship,3,19,n33,11.510,0
kinship,3,19,n34,11.532,0
kinship,3,19,n35,11.515,0
kinship,3,19,n36,11.510,0
kinship,3,19,n37,11.506,0
kinship,3,19,n38,11.504,0
kinship,3,19,n39,11.503,0
kinship,3,19,n40,11.507,0
kinship,3,19,n41,11.512,0
kinship,3,19,n42,11.516,0
kinship,3,19,n43,11.499,0
kinship,3,19,n44,11.502,0
kinship,3,19,n45,11.513,0
kinship,3,19,n46,11.503,0
kinship,3,19,n47,11.512,0
kinship,3,19,n48,11.519,0
kinship,3,19,n49,11.502,0
kinship,3,19,n50,11.581,0
kinship,3,19,n51,11.509,0
kinship,3,19,n52,11.511,0
kinship,3,19,n53,11.510,0
kinship,3,19,n54,11.515,0
kinship,3,19,n55,11.517,0
kinship,3,19,n56,11.508,0
kinship,3,19,n57,11.512,0
kinship,3,19,n58,11.512,0
kinship,3,19,n59,11.507,0
kinship,3,19,n60,11.510,0
kinship,3,19,n61,11.510,0
kinship,3,19,n62,11.508,0
kinship,3,19,n63,11.614,0
kinship,3,19,n64,11.626,0
kinship,3,19,n65,11.504,0
kinship,3,19,n66,11.507,0
kinship,3,19,n67,11.510,0
kinship,3,19,n68,11.505,0
kinship,3,19,n69,11.508,0
kinship,3,19,n70,11.505,0
kinship,3,19,n71,11.517,0
kinship,3,19,n72,11.519,0
kinship,3,19,n73,11.511,0
kinship,3,19,n74,11.509,0
kinship,3,19,n75,11.503,0
kinship,3,19,n76,11.515,0
kinship,3,19,n77,11.517,0
kinship,3,19,n78,11.511,0
kinship,3,19,n79,11.514,0
kinship,3,19,n80,11.510,0
kinship,3,19,n81,11.510,0
kinship,3,19,n82,11.508,0
kinship,3,19,n83,11.509,0
kinship,3,19,n84,11.502,0
kinship,3,19,n85,11.510,0
kinship,3,19,n86,11.506,0
kinship,3,19,n87,11.509,0
kinship,3,19,n88,11.565,0
kinship,3,19,n89,11.509,0
kinship,3,19,n90,11.516,0
kinship,3,19,n91,11.513,0
kinship,3,19,n92,11.509,0
kinship,3,19,n93,11.510,0
kinship,3,19,n94,11.507,0
kinship,3,19,n95,11.506,0
kinship,3,19,n96,11.511,0
kinship,3,19,n97,11.507,0
kinship,3,19,n98,11.506,0
kinship,3,19,n99,11.506,0
memberlist,3,19,n0,9.281,0
memberlist,3,19,n1,9.244,0
memberlist,3,19,n2,9.243,0
memberlist,3,19,n3,9.243,0
memberlist,3,19,n4,9.293,0
memberlist,3,19,n5,9.300,0
memberlist,3,19,n6,9.353,0
memberlist,3,19,n7,9.326,0
memberlist,3,19,n8,9.269,0
memberlist,3,19,n9,9.469,0
memberlist,3,19,n10,9.352,0
memberlist,3,19,n11,9.398,0
memberlist,3,19,n12,9.250,0
memberlist,3,19,n13,9.342,0
memberlist,3,19,n14,9.307,0
memberlist,3,19,n15,9.301,0
memberlist,3,19,n16,9.326,0
memberlist,3,19,n17,9.293,0
memberlist,3,19,n18,9.314,0
memberlist,3,19,n20,9.274,0
memberlist,3,19,n21,9.318,0
memberlist,3,19,n22,9.231,0
memberlist,3,19,n23,9.312,0
memberlist,3,19,n24,9.405,0
memberlist,3,19,n25,9.295,0
memberlist,3,19,n26,9.330,0
memberlist,3,19,n27,9.335,0
memberlist,3,19,n28,9.272,0
memberlist,3,19,n29,9.311,0
memberlist,3,19,n30,9.331,0
memberlist,3,19,n31,9.280,0
memberlist,3,19,n32,9.214,0
memberlist,3,19,n33,9.316,0
memberlist,3,19,n34,9.351,0
memberlist,3,19,n35,9.340,0
memberlist,3,19,n36,9.248,0
memberlist,3,19,n37,9.330,0
memberlist,3,19,n38,9.230,0
memberlist,3,19,n39,9.326,0
memberlist,3,19,n40,9.408,0
memberlist,3,19,n41,9.215,0
memberlist,3,19,n42,9.271,0
memberlist,3,19,n43,9.230,0
memberlist,3,19,n44,9.248,0
memberlist,3,19,n45,9.300,0
memberlist,3,19,n46,9.331,0
memberlist,3,19,n47,9.272,0
memberlist,3,19,n48,9.255,0
memberlist,3,19,n49,9.326,0
memberlist,3,19,n50,9.317,0
memberlist,3,19,n51,9.279,0
memberlist,3,19,n52,9.316,0
memberlist,3,19,n53,9.214,0
memberlist,3,19,n54,9.121,0
memberlist,3,19,n55,9.230,0
memberlist,3,19,n56,9.230,0
memberlist,3,19,n57,9.279,0
memberlist,3,19,n58,9.294,0
memberlist,3,19,n59,9.274,0
memberlist,3,19,n60,9.341,0
memberlist,3,19,n61,9.331,0
memberlist,3,19,n62,9.335,0
memberlist,3,19,n63,9.254,0
memberlist,3,19,n64,9.427,0
memberlist,3,19,n65,9.214,0
memberlist,3,19,n66,9.327,0
memberlist,3,19,n67,9.214,0
memberlist,3,19,n68,9.117,0
memberlist,3,19,n69,9.248,0
memberlist,3,19,n70,9.329,0
memberlist,3,19,n71,9.293,0
memberlist,3,19,n72,9.242,0
memberlist,3,19,n73,9.243,0
memberlist,3,19,n74,9.405,0
memberlist,3,19,n75,9.276,0
memberlist,3,19,n76,9.307,0
memberlist,3,19,n77,9.338,0
memberlist,3,19,n78,9.340,0
memberlist,3,19,n79,9.270,0
memberlist,3,19,n80,9.318,0
memberlist,3,19,n81,9.270,0
memberlist,3,19,n82,9.214,0
memberlist,3,19,n83,9.214,0
memberlist,3,19,n84,9.274,0
memberlist,3,19,n85,9.329,0
memberlist,3,19,n86,9.327,0
memberlist,3,19,n87,9.251,0
memberlist,3,19,n88,9.254,0
memberlist,3,19,n89,9.356,0
memberlist,3,19,n90,9.356,0
memberlist,3,19,n91,9.285,0
memberlist,3,19,n92,9.230,0
memberlist,3,19,n93,9.280,0
memberlist,3,19,n94,9.273,0
memberlist,3,19,n95,9.269,0
memberlist,3,19,n96,9.281,0
memberlist,3,19,n97,9.312,0
memberlist,3,19,n98,9.250,0
memberlist,3,19,n99,9.276,0
kinship,4,47,n0,9.191,0
kinship,4,47,n1,9.293,0
kinship,4,47,n2,9.179,0
kinship,4,47,n3,9.184,0
kinship,4,47,n4,9.182,0
kinship,4,47,n5,9.188,0
kinship,4,47,n6,9.184,0
kinship,4,47,n7,9.190,0
kinship,4,47,n8,9.181,0
kinship,4,47,n9,9.186,0
kinship,4,47,n10,9.185,0
kinship,4,47,n11,9.194,0
kinship,4,47,n12,9.183,0
kinship,4,47,n13,9.180,0
kinship,4,47,n14,9.182,0
kinship,4,47,n15,9.244,0
kinship,4,47,n16,9.189,0
kinship,4,47,n17,9.206,0
kinship,4,47,n18,9.181,0
kinship,4,47,n19,9.176,0
kinship,4,47,n20,9.201,0
kinship,4,47,n21,9.188,0
kinship,4,47,n22,9.186,0
kinship,4,47,n23,9.186,0
kinship,4,47,n24,9.190,0
kinship,4,47,n25,9.188,0
kinship,4,47,n26,9.194,0
kinship,4,47,n27,9.182,0
kinship,4,47,n28,9.183,0
kinship,4,47,n29,9.187,0
kinship,4,47,n30,9.194,0
kinship,4,47,n31,9.187,0
kinship,4,47,n32,9.176,0
kinship,4,47,n33,9.182,0
kinship,4,47,n34,9.182,0
kinship,4,47,n35,9.184,0
kinship,4,47,n36,9.184,0
kinship,4,47,n37,9.186,0
kinship,4,47,n38,9.182,0
kinship,4,47,n39,9.187,0
kinship,4,47,n40,9.191,0
kinship,4,47,n41,9.192,0
kinship,4,47,n42,9.187,0
kinship,4,47,n43,9.188,0
kinship,4,47,n44,9.191,0
kinship,4,47,n45,9.190,0
kinship,4,47,n46,9.184,0
kinship,4,47,n48,9.183,0
kinship,4,47,n49,9.191,0
kinship,4,47,n50,9.185,0
kinship,4,47,n51,9.196,0
kinship,4,47,n52,9.183,0
kinship,4,47,n53,9.191,0
kinship,4,47,n54,9.186,0
kinship,4,47,n55,9.188,0
kinship,4,47,n56,9.190,0
kinship,4,47,n57,9.192,0
kinship,4,47,n58,9.180,0
kinship,4,47,n59,9.178,0
kinship,4,47,n60,9.185,0
kinship,4,47,n61,9.186,0
kinship,4,47,n62,9.185,0
kinship,4,47,n63,9.173,0
kinship,4,47,n64,9.185,0
kinship,4,47,n65,9.184,0
kinship,4,47,n66,9.185,0
kinship,4,47,n67,9.232,0
kinship,4,47,n68,9.191,0
kinship,4,47,n69,9.188,0
kinship,4,47,n70,9.186,0
kinship,4,47,n71,9.184,0
kinship,4,47,n72,9.190,0
kinship,4,47,n73,9.176,0
kinship,4,47,n74,9.186,0
kinship,4,47,n75,9.190,0
kinship,4,47,n76,9.188,0
kinship,4,47,n77,9.190,0
kinship,4,47,n78,9.185,0
kinship,4,47,n79,9.188,0
kinship,4,47,n80,9.180,0
kinship,4,47,n81,9.176,0
kinship,4,47,n82,9.194,0
kinship,4,47,n83,9.187,0
kinship,4,47,n84,9.183,0
kinship,4,47,n85,9.185,0
kinship,4,47,n86,9.182,0
kinship,4,47,n87,9.188,0
kinship,4,47,n88,9.186,0
kinship,4,47,n89,9.180,0
kinship,4,47,n90,9.187,0
kinship,4,47,n91,9.184,0
kinship,4,47,n92,9.187,0
kinship,4,47,n93,9.184,0
kinship,4,47,n94,9.185,0
kinship,4,47,n95,9.179,0
kinship,4,47,n96,9.181,0
kinship,4,47,n97,9.191,0
kinship,4,47,n98,9.185,0
kinship,4,47,n99,9.188,0
memberlist,4,47,n0,10.551,0
memberlist,4,47,n1,10.460,0
memberlist,4,47,n2,10.462,0
memberlist,4,47,n3,10.555,0
memberlist,4,47,n4,10.532,0
memberlist,4,47,n5,10.554,0
memberlist,4,47,n6,10.483,0
memberlist,4,47,n7,10.583,0
memberlist,4,47,n8,10.541,0
memberlist,4,47,n9,10.439,0
memberlist,4,47,n10,10.457,0
memberlist,4,47,n11,10.392,0
memberlist,4,47,n12,10.391,0
memberlist,4,47,n13,10.363,0
memberlist,4,47,n14,10.461,0
memberlist,4,47,n15,10.542,0
memberlist,4,47,n16,10.450,0
memberlist,4,47,n17,10.496,0
memberlist,4,47,n18,10.297,0
memberlist,4,47,n19,10.446,0
memberlist,4,47,n20,10.461,0
memberlist,4,47,n21,10.612,0
memberlist,4,47,n22,10.591,0
memberlist,4,47,n23,10.556,0
memberlist,4,47,n24,10.709,0
memberlist,4,47,n25,10.563,0
memberlist,4,47,n26,10.661,0
memberlist,4,47,n27,10.607,0
memberlist,4,47,n28,10.541,0
memberlist,4,47,n29,10.542,0
memberlist,4,47,n30,10.366,0
memberlist,4,47,n31,10.460,0
memberlist,4,47,n32,10.502,0
memberlist,4,47,n33,10.475,0
memberlist,4,47,n34,10.685,0
memberlist,4,47,n35,10.508,0
memberlist,4,47,n36,10.391,0
memberlist,4,47,n37,10.532,0
memberlist,4,47,n38,10.521,0
memberlist,4,47,n39,10.495,0
memberlist,4,47,n40,10.461,0
memberlist,4,47,n41,10.460,0
memberlist,4,47,n42,10.515,0
memberlist,4,47,n43,10.622,0
memberlist,4,47,n44,10.521,0
memberlist,4,47,n45,10.517,0
memberlist,4,47,n46,10.597,0
memberlist,4,47,n48,10.445,0
memberlist,4,47,n49,10.575,0
memberlist,4,47,n50,10.536,0
memberlist,4,47,n51,10.580,0
memberlist,4,47,n52,10.460,0
memberlist,4,47,n53,10.577,0
memberlist,4,47,n54,10.495,0
memberlist,4,47,n55,10.470,0
memberlist,4,47,n56,10.476,0
memberlist,4,47,n57,10.550,0
memberlist,4,47,n58,10.295,0
memberlist,4,47,n59,10.654,0
memberlist,4,47,n60,10.556,0
memberlist,4,47,n61,10.496,0
memberlist,4,47,n62,10.587,0
memberlist,4,47,n63,10.532,0
memberlist,4,47,n64,10.444,0
memberlist,4,47,n65,10.555,0
memberlist,4,47,n66,10.625,0
memberlist,4,47,n67,10.576,0
memberlist,4,47,n68,10.669,0
memberlist,4,47,n69,10.505,0
memberlist,4,47,n70,10.440,0
memberlist,4,47,n71,10.541,0
memberlist,4,47,n72,10.440,0
memberlist,4,47,n73,10.437,0
memberlist,4,47,n74,10.392,0
memberlist,4,47,n75,10.559,0
memberlist,4,47,n76,10.671,0
memberlist,4,47,n77,10.441,0
memberlist,4,47,n78,10.541,0
memberlist,4,47,n79,10.634,0
memberlist,4,47,n80,10.535,0
memberlist,4,47,n81,10.455,0
memberlist,4,47,n82,10.580,0
memberlist,4,47,n83,10.441,0
memberlist,4,47,n84,10.591,0
memberlist,4,47,n85,10.484,0
memberlist,4,47,n86,10.494,0
memberlist,4,47,n87,10.455,0
memberlist,4,47,n88,10.461,0
memberlist,4,47,n89,10.476,0
memberlist,4,47,n90,10.390,0
memberlist,4,47,n91,10.542,0
memberlist,4,47,n92,10.558,0
memberlist,4,47,n93,10.392,0
memberlist,4,47,n94,10.585,0
memberlist,4,47,n95,10.580,0
memberlist,4,47,n96,10.437,0
memberlist,4,47,n97,10.536,0
memberlist,4,47,n98,10.631,0
memberlist,4,47,n99,10.521,0
kinship,5,19,n0,9.240,0
kinship,5,19,n1,9.232,0
kinship,5,19,n2,9.242,0
kinship,5,19,n3,9.244,0
kinship,5,19,n4,9.241,0
kinship,5,19,n5,9.242,0
kinship,5,19,n6,9.240,0
kinship,5,19,n7,9.244,0
kinship,5,19,n8,9.242,0
kinship,5,19,n9,9.233,0
kinship,5,19,n10,9.245,0
kinship,5,19,n11,9.239,0
kinship,5,19,n12,9.242,0
kinship,5,19,n13,9.239,0
kinship,5,19,n14,9.234,0
kinship,5,19,n15,9.242,0
kinship,5,19,n16,9.235,0
kinship,5,19,n17,9.238,0
kinship,5,19,n18,9.243,0
kinship,5,19,n20,9.247,0
kinship,5,19,n21,9.239,0
kinship,5,19,n22,9.241,0
kinship,5,19,n23,9.235,0
kinship,5,19,n24,9.243,0
kinship,5,19,n25,9.239,0
kinship,5,19,n26,9.245,0
kinship,5,19,n27,9.240,0
kinship,5,19,n28,9.236,0
kinship,5,19,n29,9.236,0
kinship,5,19,n30,9.235,0
kinship,5,19,n31,9.251,0
kinship,5,19,n32,9.237,0
kinship,5,19,n33,9.231,0
kinship,5,19,n34,9.234,0
kinship,5,19,n35,9.238,0
kinship,5,19,n36,9.238,0
kinship,5,19,n37,9.242,0
kinship,5,19,n38,9.245,0
kinship,5,19,n39,9.239,0
kinship,5,19,n40,9.238,0
kinship,5,19,n41,9.242,0
kinship,5,19,n42,9.237,0
kinship,5,19,n43,9.236,0
kinship,5,19,n44,9.242,0
kinship,5,19,n45,9.242,0
kinship,5,19,n46,9.252,0
kinship,5,19,n47,9.235,0
kinship,5,19,n48,9.247,0
kinship,5,19,n49,9.233,0
kinship,5,19,n50,9.243,0
kinship,5,19,n51,9.246,0
kinship,5,19,n52,9.237,0
kinship,5,19,n53,9.234,0
kinship,5,19,n54,9.244,0
kinship,5,19,n55,9.233,0
kinship,5,19,n56,9.237,0
kinship,5,19,n57,9.242,0
kinship,5,19,n58,9.231,0
kinship,5,19,n59,9.237,0
kinship,5,19,n60,9.235,0
kinship,5,19,n61,9.247,0
kinship,5,19,n62,9.234,0
kinship,5,19,n63,9.249,0
kinship,5,19,n64,9.247,0
kinship,5,19,n65,9.249,0
kinship,5,19,n66,9.237,0
kinship,5,19,n67,9.234,0
kinship,5,19,n68,9.237,0
kinship,5,19,n69,9.235,0
kinship,5,19,n70,9.235,0
kinship,5,19,n71,9.238,0
kinship,5,19,n72,9.241,0
kinship,5,19,n73,9.233,0
kinship,5,19,n74,9.235,0
kinship,5,19,n75,9.241,0
kinship,5,19,n76,9.238,0
kinship,5,19,n77,9.239,0
kinship,5,19,n78,9.238,0
kinship,5,19,n79,9.318,0
kinship,5,19,n80,9.236,0
kinship,5,19,n81,9.240,0
kinship,5,19,n82,9.247,0
kinship,5,19,n83,9.287,0
kinship,5,19,n84,9.236,0
kinship,5,19,n85,9.238,0
kinship,5,19,n86,9.265,0
kinship,5,19,n87,9.230,0
kinship,5,19,n88,9.229,0
kinship,5,19,n89,9.250,0
kinship,5,19,n90,9.244,0
kinship,5,19,n91,9.235,0
kinship,5,19,n92,9.239,0
kinship,5,19,n93,9.231,0
kinship,5,19,n94,9.239,0
kinship,5,19,n95,9.234,0
kinship,5,19,n96,9.234,0
kinship,5,19,n97,9.251,0
kinship,5,19,n98,9.237,0
kinship,5,19,n99,9.236,0
memberlist,5,19,n0,10.705,0
memberlist,5,19,n1,10.566,0
memberlist,5,19,n2,10.614,0
memberlist,5,19,n3,10.710,0
memberlist,5,19,n4,10.600,0
memberlist,5,19,n5,10.634,0
memberlist,5,19,n6,10.624,0
memberlist,5,19,n7,10.615,0
memberlist,5,19,n8,10.644,0
memberlist,5,19,n9,10.773,0
memberlist,5,19,n10,10.494,0
memberlist,5,19,n11,10.610,0
memberlist,5,19,n12,10.752,0
memberlist,5,19,n13,10.614,0
memberlist,5,19,n14,10.626,0
memberlist,5,19,n15,10.523,0
memberlist,5,19,n16,10.693,0
memberlist,5,19,n17,10.571,0
memberlist,5,19,n18,10.561,0
memberlist,5,19,n20,10.590,0
memberlist,5,19,n21,10.603,0
memberlist,5,19,n22,10.774,0
memberlist,5,19,n23,10.642,0
memberlist,5,19,n24,10.523,0
memberlist,5,19,n25,10.663,0
memberlist,5,19,n26,10.612,0
memberlist,5,19,n27,10.693,0
memberlist,5,19,n28,10.640,0
memberlist,5,19,n29,10.710,0
memberlist,5,19,n30,10.590,0
memberlist,5,19,n31,10.589,0
memberlist,5,19,n32,10.643,0
memberlist,5,19,n33,10.572,0
memberlist,5,19,n34,10.590,0
memberlist,5,19,n35,10.627,0
memberlist,5,19,n36,10.676,0
memberlist,5,19,n37,10.359,0
memberlist,5,19,n38,10.590,0
memberlist,5,19,n39,10.641,0
memberlist,5,19,n40,10.610,0
memberlist,5,19,n41,10.565,0
memberlist,5,19,n42,10.654,0
memberlist,5,19,n43,10.614,0
memberlist,5,19,n44,10.590,0
memberlist,5,19,n45,10.591,0
memberlist,5,19,n46,10.572,0
memberlist,5,19,n47,10.695,0
memberlist,5,19,n48,10.599,0
memberlist,5,19,n49,10.663,0
memberlist,5,19,n50,10.878,0
memberlist,5,19,n51,10.512,0
memberlist,5,19,n52,10.560,0
memberlist,5,19,n53,10.493,0
memberlist,5,19,n54,10.560,0
memberlist,5,19,n55,10.674,0
memberlist,5,19,n56,10.609,0
memberlist,5,19,n57,10.561,0
memberlist,5,19,n58,10.647,0
memberlist,5,19,n59,10.376,0
memberlist,5,19,n60,10.363,0
memberlist,5,19,n61,10.740,0
memberlist,5,19,n62,10.561,0
memberlist,5,19,n63,10.624,0
memberlist,5,19,n64,10.856,0
memberlist,5,19,n65,10.637,0
memberlist,5,19,n66,10.626,0
memberlist,5,19,n67,10.645,0
memberlist,5,19,n68,10.573,0
memberlist,5,19,n69,10.571,0
memberlist,5,19,n70,10.626,0
memberlist,5,19,n71,10.663,0
memberlist,5,19,n72,10.538,0
memberlist,5,19,n73,10.628,0
memberlist,5,19,n74,10.496,0
memberlist,5,19,n75,10.622,0
memberlist,5,19,n76,10.642,0
memberlist,5,19,n77,10.715,0
memberlist,5,19,n78,10.560,0
memberlist,5,19,n79,10.654,0
memberlist,5,19,n80,10.705,0
memberlist,5,19,n81,10.623,0
memberlist,5,19,n82,10.611,0
memberlist,5,19,n83,10.562,0
memberlist,5,19,n84,10.708,0
memberlist,5,19,n85,10.493,0
memberlist,5,19,n86,10.675,0
memberlist,5,19,n87,10.523,0
memberlist,5,19,n88,10.676,0
memberlist,5,19,n89,10.603,0
memberlist,5,19,n90,10.598,0
memberlist,5,19,n91,10.624,0
memberlist,5,19,n92,10.590,0
memberlist,5,19,n93,10.656,0
memberlist,5,19,n94,10.751,0
memberlist,5,19,n95,10.752,0
memberlist,5,19,n96,10.757,0
memberlist,5,19,n97,10.776,0
memberlist,5,19,n98,10.627,0
memberlist,5,19,n99,10.573,0
kinship,6,73,n0,9.077,0
kinship,6,73,n1,9.075,0
kinship,6,73,n2,9.074,0
kinship,6,73,n3,9.080,0
kinship,6,73,n4,9.084,0
kinship,6,73,n5,9.083,0
kinship,6,73,n6,9.078,0
kinship,6,73,n7,9.083,0
kinship,6,73,n8,9.081,0
kinship,6,73,n9,9.074,0
kinship,6,73,n10,9.080,0
kinship,6,73,n11,9.080,0
kinship,6,73,n12,9.085,0
kinship,6,73,n13,9.078,0
kinship,6,73,n14,9.076,0
kinship,6,73,n15,9.080,0
kinship,6,73,n16,9.079,0
kinship,6,73,n17,9.083,0
kinship,6,73,n18,9.078,0
kinship,6,73,n19,9.082,0
kinship,6,73,n20,9.074,0
kinship,6,73,n21,9.075,0
kinship,6,73,n22,9.079,0
kinship,6,73,n23,9.081,0
kinship,6,73,n24,9.081,0
kinship,6,73,n25,9.075,0
kinship,6,73,n26,9.083,0
kinship,6,73,n27,9.078,0
kinship,6,73,n28,9.081,0
kinship,6,73,n29,9.073,0
kinship,6,73,n30,9.115,0
kinship,6,73,n31,9.079,0
kinship,6,73,n32,9.080,0
kinship,6,73,n33,9.076,0
kinship,6,73,n34,9.076,0
kinship,6,73,n35,9.079,0
kinship,6,73,n36,9.078,0
kinship,6,73,n37,9.078,0
kinship,6,73,n38,9.076,0
kinship,6,73,n39,9.077,0
kinship,6,73,n40,9.082,0
kinship,6,73,n41,9.096,0
kinship,6,73,n42,9.078,0
kinship,6,73,n43,9.073,0
kinship,6,73,n44,9.076,0
kinship,6,73,n45,9.080,0
kinship,6,73,n46,9.081,0
kinship,6,73,n47,9.078,0
kinship,6,73,n48,9.073,0
kinship,6,73,n49,9.077,0
kinship,6,73,n50,9.084,0
kinship,6,73,n51,9.085,0
kinship,6,73,n52,9.086,0
kinship,6,73,n53,9.078,0
kinship,6,73,n54,9.078,0
kinship,6,73,n55,9.081,0
kinship,6,73,n56,9.080,0
kinship,6,73,n57,9.082,0
kinship,6,73,n58,9.078,0
kinship,6,73,n59,9.082,0
kinship,6,73,n60,9.082,0
kinship,6,73,n61,9.080,0
kinship,6,73,n62,9.072,0
kinship,6,73,n63,9.125,0
kinship,6,73,n64,9.091,0
kinship,6,73,n65,9.078,0
kinship,6,73,n66,9.078,0
kinship,6,73,n67,9.087,0
kinship,6,73,n68,9.087,0
kinship,6,73,n69,9.080,0
kinship,6,73,n70,9.076,0
kinship,6,73,n71,9.074,0
kinship,6,73,n72,9.088,0
kinship,6,73,n74,9.075,0
kinship,6,73,n75,9.074,0
kinship,6,73,n76,9.078,0
kinship,6,73,n77,9.078,0
kinship,6,73,n78,9.078,0
kinship,6,73,n79,9.086,0
kinship,6,73,n80,9.079,0
kinship,6,73,n81,9.085,0
kinship,6,73,n82,9.087,0
kinship,6,73,n83,9.084,0
kinship,6,73,n84,9.077,0
kinship,6,73,n85,9.072,0
kinship,6,73,n86,9.078,0
kinship,6,73,n87,9.075,0
kinship,6,73,n88,9.082,0
kinship,6,73,n89,9.079,0
kinship,6,73,n90,9.069,0
kinship,6,73,n91,9.078,0
kinship,6,73,n92,9.079,0
kinship,6,73,n93,9.082,0
kinship,6,73,n94,9.074,0
kinship,6,73,n95,9.078,0
kinship,6,73,n96,9.077,0
kinship,6,73,n97,9.080,0
kinship,6,73,n98,9.081,0
kinship,6,73,n99,9.077,0
memberlist,6,73,n0,10.601,0
memberlist,6,73,n1,10.481,0
memberlist,6,73,n2,10.267,0
memberlist,6,73,n3,10.554,0
memberlist,6,73,n4,10.584,0
memberlist,6,73,n5,10.490,0
memberlist,6,73,n6,10.579,0
memberlist,6,73,n7,10.592,0
memberlist,6,73,n8,10.584,0
memberlist,6,73,n9,10.592,0
memberlist,6,73,n10,10.468,0
memberlist,6,73,n11,10.687,0
memberlist,6,73,n12,10.269,0
memberlist,6,73,n13,10.559,0
memberlist,6,73,n14,10.646,0
memberlist,6,73,n15,10.512,0
memberlist,6,73,n16,10.608,0
memberlist,6,73,n17,10.536,0
memberlist,6,73,n18,10.491,0
memberlist,6,73,n19,10.643,0
memberlist,6,73,n20,10.535,0
memberlist,6,73,n21,10.612,0
memberlist,6,73,n22,10.629,0
memberlist,6,73,n23,10.627,0
memberlist,6,73,n24,10.469,0
memberlist,6,73,n25,10.511,0
memberlist,6,73,n26,10.581,0
memberlist,6,73,n27,10.592,0
memberlist,6,73,n28,10.527,0
memberlist,6,73,n29,10.512,0
memberlist,6,73,n30,10.592,0
memberlist,6,73,n31,10.528,0
memberlist,6,73,n32,10.590,0
memberlist,6,73,n33,10.522,0
memberlist,6,73,n34,10.627,0
memberlist,6,73,n35,10.556,0
memberlist,6,73,n36,10.491,0
memberlist,6,73,n37,10.674,0
memberlist,6,73,n38,10.622,0
memberlist,6,73,n39,10.470,0
memberlist,6,73,n40,10.426,0
memberlist,6,73,n41,10.527,0
memberlist,6,73,n42,10.580,0
memberlist,6,73,n43,10.627,0
memberlist,6,73,n44,10.619,0
memberlist,6,73,n45,10.627,0
memberlist,6,73,n46,10.523,0
memberlist,6,73,n47,10.578,0
memberlist,6,73,n48,10.468,0
memberlist,6,73,n49,10.590,0
memberlist,6,73,n50,10.592,0
memberlist,6,73,n51,10.592,0
memberlist,6,73,n52,10.523,0
memberlist,6,73,n53,10.562,0
memberlist,6,73,n54,10.552,0
memberlist,6,73,n55,10.535,0
memberlist,6,73,n56,10.470,0
memberlist,6,73,n57,10.593,0
memberlist,6,73,n58,10.572,0
memberlist,6,73,n59,10.592,0
memberlist,6,73,n60,10.520,0
memberlist,6,73,n61,10.622,0
memberlist,6,73,n62,10.580,0
memberlist,6,73,n63,10.581,0
memberlist,6,73,n64,10.645,0
memberlist,6,73,n65,10.659,0
memberlist,6,73,n66,10.558,0
memberlist,6,73,n67,10.562,0
memberlist,6,73,n68,10.477,0
memberlist,6,73,n69,10.522,0
memberlist,6,73,n70,10.477,0
memberlist,6,73,n71,10.596,0
memberlist,6,73,n72,10.535,0
memberlist,6,73,n74,10.426,0
memberlist,6,73,n75,10.533,0
memberlist,6,73,n76,10.568,0
memberlist,6,73,n77,10.426,0
memberlist,6,73,n78,10.557,0
memberlist,6,73,n79,10.657,0
memberlist,6,73,n80,10.478,0
memberlist,6,73,n81,10.394,0
memberlist,6,73,n82,10.442,0
memberlist,6,73,n83,10.580,0
memberlist,6,73,n84,10.672,0
memberlist,6,73,n85,10.734,0
memberlist,6,73,n86,10.618,0
memberlist,6,73,n87,10.648,0
memberlist,6,73,n88,10.659,0
memberlist,6,73,n89,10.561,0
memberlist,6,73,n90,10.427,0
memberlist,6,73,n91,10.618,0
memberlist,6,73,n92,10.469,0
memberlist,6,73,n93,10.729,0
memberlist,6,73,n94,10.611,0
memberlist,6,73,n95,10.481,0
memberlist,6,73,n96,10.512,0
memberlist,6,73,n97,10.427,0
memberlist,6,73,n98,10.520,0
memberlist,6,73,n99,10.491,0
kinship,7,59,n0,9.296,0
kinship,7,59,n1,9.309,0
kinship,7,59,n2,9.307,0
kinship,7,59,n3,9.290,0
kinship,7,59,n4,9.295,0
kinship,7,59,n5,9.286,0
kinship,7,59,n6,9.294,0
kinship,7,59,n7,9.288,0
kinship,7,59,n8,9.289,0
kinship,7,59,n9,9.294,0
kinship,7,59,n10,9.299,0
kinship,7,59,n11,9.294,0
kinship,7,59,n12,9.298,0
kinship,7,59,n13,9.287,0
kinship,7,59,n14,9.290,0
kinship,7,59,n15,9.300,0
kinship,7,59,n16,9.296,0
kinship,7,59,n17,9.290,0
kinship,7,59,n18,9.290,0
kinship,7,59,n19,9.296,0
kinship,7,59,n20,9.289,0
kinship,7,59,n21,9.288,0
kinship,7,59,n22,9.291,0
kinship,7,59,n23,9.286,0
kinship,7,59,n24,9.288,0
kinship,7,59,n25,9.292,0
kinship,7,59,n26,9.291,0
kinship,7,59,n27,9.292,0
kinship,7,59,n28,9.293,0
kinship,7,59,n29,9.292,0
kinship,7,59,n30,9.296,0
kinship,7,59,n31,9.296,0
kinship,7,59,n32,9.287,0
kinship,7,59,n33,9.301,0
kinship,7,59,n34,9.291,0
kinship,7,59,n35,9.297,0
kinship,7,59,n36,9.295,0
kinship,7,59,n37,9.296,0
kinship,7,59,n38,9.285,0
kinship,7,59,n39,9.308,0
kinship,7,59,n40,9.294,0
kinship,7,59,n41,9.298,0
kinship,7,59,n42,9.289,0
kinship,7,59,n43,9.296,0
kinship,7,59,n44,9.293,0
kinship,7,59,n45,9.291,0
kinship,7,59,n46,9.306,0
kinship,7,59,n47,9.301,0
kinship,7,59,n48,9.291,0
kinship,7,59,n49,9.294,0
kinship,7,59,n50,9.289,0
kinship,7,59,n51,9.290,0
kinship,7,59,n52,9.294,0
kinship,7,59,n53,9.289,0
kinship,7,59,n54,9.285,0
kinship,7,59,n55,9.288,0
kinship,7,59,n56,9.295,0
kinship,7,59,n57,9.300,0
kinship,7,59,n58,9.317,0
kinship,7,59,n60,9.294,0
kinship,7,59,n61,9.292,0
kinship,7,59,n62,9.288,0
kinship,7,59,n63,9.298,0
kinship,7,59,n64,9.295,0
kinship,7,59,n65,9.290,0
kinship,7,59,n66,9.295,0
kinship,7,59,n67,9.296,0
kinship,7,59,n68,9.313,0
kinship,7,59,n69,9.296,0
kinship,7,59,n70,9.292,0
kinship,7,59,n71,9.291,0
kinship,7,59,n72,9.282,0
kinship,7,59,n73,9.285,0
kinship,7,59,n74,9.290,0
kinship,7,59,n75,9.287,0
kinship,7,59,n76,9.290,0
kinship,7,59,n77,9.291,0
kinship,7,59,n78,9.296,0
kinship,7,59,n79,9.290,0
kinship,7,59,n80,9.292,0
kinship,7,59,n81,9.295,0
kinship,7,59,n82,9.288,0
kinship,7,59,n83,9.319,0
kinship,7,59,n84,9.295,0
kinship,7,59,n85,9.295,0
kinship,7,59,n86,9.288,0
kinship,7,59,n87,9.298,0
kinship,7,59,n88,9.297,0
kinship,7,59,n89,9.289,0
kinship,7,59,n90,9.290,0
kinship,7,59,n91,9.291,0
kinship,7,59,n92,9.297,0
kinship,7,59,n93,9.296,0
kinship,7,59,n94,9.296,0
kinship,7,59,n95,9.285,0
kinship,7,59,n96,9.290,0
kinship,7,59,n97,9.291,0
kinship,7,59,n98,9.288,0
kinship,7,59,n99,9.294,0
memberlist,7,59,n0,9.836,0
memberlist,7,59,n1,9.852,0
memberlist,7,59,n2,9.831,0
memberlist,7,59,n3,9.885,0
memberlist,7,59,n4,9.733,0
memberlist,7,59,n5,9.936,0
memberlist,7,59,n6,9.823,0
memberlist,7,59,n7,9.636,0
memberlist,7,59,n8,9.833,0
memberlist,7,59,n9,9.832,0
memberlist,7,59,n10,9.935,0
memberlist,7,59,n11,9.827,0
memberlist,7,59,n12,9.821,0
memberlist,7,59,n13,9.936,0
memberlist,7,59,n14,9.727,0
memberlist,7,59,n15,9.856,0
memberlist,7,59,n16,9.879,0
memberlist,7,59,n17,9.833,0
memberlist,7,59,n18,9.857,0
memberlist,7,59,n19,9.857,0
memberlist,7,59,n20,9.827,0
memberlist,7,59,n21,9.941,0
memberlist,7,59,n22,9.885,0
memberlist,7,59,n23,9.621,0
memberlist,7,59,n24,9.896,0
memberlist,7,59,n25,9.831,0
memberlist,7,59,n26,9.862,0
memberlist,7,59,n27,9.934,0
memberlist,7,59,n28,9.931,0
memberlist,7,59,n29,9.837,0
memberlist,7,59,n30,10.010,0
memberlist,7,59,n31,9.921,0
memberlist,7,59,n32,9.926,0
memberlist,7,59,n33,9.918,0
memberlist,7,59,n34,9.988,0
memberlist,7,59,n35,9.995,0
memberlist,7,59,n36,9.857,0
memberlist,7,59,n37,9.959,0
memberlist,7,59,n38,9.856,0
memberlist,7,59,n39,9.856,0
memberlist,7,59,n40,9.919,0
memberlist,7,59,n41,9.827,0
memberlist,7,59,n42,9.879,0
memberlist,7,59,n43,9.918,0
memberlist,7,59,n44,10.115,0
memberlist,7,59,n45,10.002,0
memberlist,7,59,n46,9.857,0
memberlist,7,59,n47,9.987,0
memberlist,7,59,n48,9.917,0
memberlist,7,59,n49,9.944,0
memberlist,7,59,n50,9.857,0
memberlist,7,59,n51,9.958,0
memberlist,7,59,n52,9.823,0
memberlist,7,59,n53,9.987,0
memberlist,7,59,n54,9.959,0
memberlist,7,59,n55,9.928,0
memberlist,7,59,n56,9.924,0
memberlist,7,59,n57,9.731,0
memberlist,7,59,n58,9.921,0
memberlist,7,59,n60,9.926,0
memberlist,7,59,n61,9.733,0
memberlist,7,59,n62,10.047,0
memberlist,7,59,n63,9.821,0
memberlist,7,59,n64,9.869,0
memberlist,7,59,n65,9.832,0
memberlist,7,59,n66,9.916,0
memberlist,7,59,n67,9.997,0
memberlist,7,59,n68,9.952,0
memberlist,7,59,n69,9.823,0
memberlist,7,59,n70,9.889,0
memberlist,7,59,n71,9.890,0
memberlist,7,59,n72,9.734,0
memberlist,7,59,n73,9.823,0
memberlist,7,59,n74,9.862,0
memberlist,7,59,n75,9.623,0
memberlist,7,59,n76,9.857,0
memberlist,7,59,n77,9.857,0
memberlist,7,59,n78,9.851,0
memberlist,7,59,n79,9.921,0
memberlist,7,59,n80,9.858,0
memberlist,7,59,n81,9.934,0
memberlist,7,59,n82,9.835,0
memberlist,7,59,n83,9.926,0
memberlist,7,59,n84,9.827,0
memberlist,7,59,n85,9.934,0
memberlist,7,59,n86,9.829,0
memberlist,7,59,n87,9.893,0
memberlist,7,59,n88,9.984,0
memberlist,7,59,n89,10.046,0
memberlist,7,59,n90,9.733,0
memberlist,7,59,n91,9.823,0
memberlist,7,59,n92,9.860,0
memberlist,7,59,n93,9.834,0
memberlist,7,59,n94,9.918,0
memberlist,7,59,n95,9.933,0
memberlist,7,59,n96,9.857,0
memberlist,7,59,n97,9.924,0
memberlist,7,59,n98,9.857,0
memberlist,7,59,n99,9.962,0
kinship,8,15,n0,9.052,0
kinship,8,15,n1,9.018,0
kinship,8,15,n2,9.020,0
kinship,8,15,n3,9.018,0
kinship,8,15,n4,9.013,0
kinship,8,15,n5,9.018,0
kinship,8,15,n6,9.022,0
kinship,8,15,n7,9.023,0
kinship,8,15,n8,9.020,0
kinship,8,15,n9,9.025,0
kinship,8,15,n10,9.017,0
kinship,8,15,n11,9.019,0
kinship,8,15,n12,9.019,0
kinship,8,15,n13,9.015,0
kinship,8,15,n14,9.023,0
kinship,8,15,n16,9.017,0
kinship,8,15,n17,9.014,0
kinship,8,15,n18,9.017,0
kinship,8,15,n19,9.018,0
kinship,8,15,n20,9.022,0
kinship,8,15,n21,9.025,0
kinship,8,15,n22,9.021,0
kinship,8,15,n23,9.012,0
kinship,8,15,n24,9.133,0
kinship,8,15,n25,9.017,0
kinship,8,15,n26,9.025,0
kinship,8,15,n27,9.020,0
kinship,8,15,n28,9.018,0
kinship,8,15,n29,9.019,0
kinship,8,15,n30,9.018,0
kinship,8,15,n31,9.015,0
kinship,8,15,n32,9.016,0
kinship,8,15,n33,9.013,0
kinship,8,15,n34,9.021,0
kinship,8,15,n35,9.022,0
kinship,8,15,n36,9.012,0
kinship,8,15,n37,9.011,0
kinship,8,15,n38,9.017,0
kinship,8,15,n39,9.014,0
kinship,8,15,n40,9.022,0
kinship,8,15,n41,9.017,0
kinship,8,15,n42,9.013,0
kinship,8,15,n43,9.016,0
kinship,8,15,n44,9.019,0
kinship,8,15,n45,9.012,0
kinship,8,15,n46,9.053,0
kinship,8,15,n47,9.016,0
kinship,8,15,n48,9.020,0
kinship,8,15,n49,9.014,0
kinship,8,15,n50,9.013,0
kinship,8,15,n51,9.023,0
kinship,8,15,n52,9.016,0
kinship,8,15,n53,9.020,0
kinship,8,15,n54,9.021,0
kinship,8,15,n55,9.016,0
kinship,8,15,n56,9.017,0
kinship,8,15,n57,9.013,0
kinship,8,15,n58,9.017,0
kinship,8,15,n59,9.019,0
kinship,8,15,n60,9.043,0
kinship,8,15,n61,9.009,0
kinship,8,15,n62,9.015,0
kinship,8,15,n63,9.018,0
kinship,8,15,n64,9.022,0
kinship,8,15,n65,9.022,0
kinship,8,15,n66,9.023,0
kinship,8,15,n67,9.022,0
kinship,8,15,n68,9.024,0
kinship,8,15,n69,9.015,0
kinship,8,15,n70,9.019,0
kinship,8,15,n71,9.020,0
kinship,8,15,n72,9.022,0
kinship,8,15,n73,9.017,0
kinship,8,15,n74,9.021,0
kinship,8,15,n75,9.023,0
kinship,8,15,n76,9.021,0
kinship,8,15,n77,9.014,0
kinship,8,15,n78,9.016,0
kinship,8,15,n79,9.013,0
kinship,8,15,n80,9.011,0
kinship,8,15,n81,9.012,0
kinship,8,15,n82,9.017,0
kinship,8,15,n83,9.014,0
kinship,8,15,n84,9.015,0
kinship,8,15,n85,9.019,0
kinship,8,15,n86,9.021,0
kinship,8,15,n87,9.063,0
kinship,8,15,n88,9.021,0
kinship,8,15,n89,9.016,0
kinship,8,15,n90,9.021,0
kinship,8,15,n91,9.021,0
kinship,8,15,n92,9.021,0
kinship,8,15,n93,9.024,0
kinship,8,15,n94,9.016,0
kinship,8,15,n95,9.018,0
kinship,8,15,n96,9.052,0
kinship,8,15,n97,9.019,0
kinship,8,15,n98,9.018,0
kinship,8,15,n99,9.022,0
memberlist,8,15,n0,10.043,0
memberlist,8,15,n1,10.031,0
memberlist,8,15,n2,9.959,0
memberlist,8,15,n3,10.080,0
memberlist,8,15,n4,9.920,0
memberlist,8,15,n5,9.969,0
memberlist,8,15,n6,10.022,0
memberlist,8,15,n7,10.005,0
memberlist,8,15,n8,9.937,0
memberlist,8,15,n9,10.196,0
memberlist,8,15,n10,9.887,0
memberlist,8,15,n11,9.956,0
memberlist,8,15,n12,10.023,0
memberlist,8,15,n13,10.029,0
memberlist,8,15,n14,9.953,0
memberlist,8,15,n16,10.074,0
memberlist,8,15,n17,9.955,0
memberlist,8,15,n18,9.876,0
memberlist,8,15,n19,9.996,0
memberlist,8,15,n20,9.947,0
memberlist,8,15,n21,10.005,0
memberlist,8,15,n22,9.897,0
memberlist,8,15,n23,9.954,0
memberlist,8,15,n24,9.876,0
memberlist,8,15,n25,9.969,0
memberlist,8,15,n26,9.993,0
memberlist,8,15,n27,9.771,0
memberlist,8,15,n28,9.885,0
memberlist,8,15,n29,9.916,0
memberlist,8,15,n30,9.886,0
memberlist,8,15,n31,10.005,0
memberlist,8,15,n32,9.920,0
memberlist,8,15,n33,9.877,0
memberlist,8,15,n34,9.896,0
memberlist,8,15,n35,9.927,0
memberlist,8,15,n36,9.970,0
memberlist,8,15,n37,10.054,0
memberlist,8,15,n38,9.937,0
memberlist,8,15,n39,9.886,0
memberlist,8,15,n40,10.029,0
memberlist,8,15,n41,10.029,0
memberlist,8,15,n42,9.955,0
memberlist,8,15,n43,9.896,0
memberlist,8,15,n44,10.086,0
memberlist,8,15,n45,10.023,0
memberlist,8,15,n46,9.954,0
memberlist,8,15,n47,9.897,0
memberlist,8,15,n48,10.023,0
memberlist,8,15,n49,9.954,0
memberlist,8,15,n50,9.875,0
memberlist,8,15,n51,9.773,0
memberlist,8,15,n52,9.920,0
memberlist,8,15,n53,9.892,0
memberlist,8,15,n54,9.909,0
memberlist,8,15,n55,9.994,0
memberlist,8,15,n56,9.921,0
memberlist,8,15,n57,9.876,0
memberlist,8,15,n58,10.108,0
memberlist,8,15,n59,9.957,0
memberlist,8,15,n60,9.947,0
memberlist,8,15,n61,9.971,0
memberlist,8,15,n62,10.031,0
memberlist,8,15,n63,10.089,0
memberlist,8,15,n64,9.885,0
memberlist,8,15,n65,9.970,0
memberlist,8,15,n66,10.051,0
memberlist,8,15,n67,9.994,0
memberlist,8,15,n68,9.994,0
memberlist,8,15,n69,9.897,0
memberlist,8,15,n70,10.043,0
memberlist,8,15,n71,10.015,0
memberlist,8,15,n72,9.948,0
memberlist,8,15,n73,9.933,0
memberlist,8,15,n74,9.994,0
memberlist,8,15,n75,9.886,0
memberlist,8,15,n76,9.887,0
memberlist,8,15,n77,10.032,0
memberlist,8,15,n78,9.953,0
memberlist,8,15,n79,9.974,0
memberlist,8,15,n80,9.994,0
memberlist,8,15,n81,9.674,0
memberlist,8,15,n82,10.064,0
memberlist,8,15,n83,10.038,0
memberlist,8,15,n84,9.895,0
memberlist,8,15,n85,9.926,0
memberlist,8,15,n86,9.955,0
memberlist,8,15,n87,9.946,0
memberlist,8,15,n88,9.953,0
memberlist,8,15,n89,9.887,0
memberlist,8,15,n90,9.971,0
memberlist,8,15,n91,9.955,0
memberlist,8,15,n92,9.876,0
memberlist,8,15,n93,10.169,0
memberlist,8,15,n94,10.047,0
memberlist,8,15,n95,9.993,0
memberlist,8,15,n96,9.953,0
memberlist,8,15,n97,10.023,0
memberlist,8,15,n98,9.937,0
memberlist,8,15,n99,10.085,0
kinship,9,23,n0,9.332,0
kinship,9,23,n1,9.265,0
kinship,9,23,n2,9.272,0
kinship,9,23,n3,9.259,0
kinship,9,23,n4,9.273,0
kinship,9,23,n5,9.266,0
kinship,9,23,n6,9.266,0
kinship,9,23,n7,9.265,0
kinship,9,23,n8,9.322,0
kinship,9,23,n9,9.265,0
kinship,9,23,n10,9.264,0
kinship,9,23,n11,9.262,0
kinship,9,23,n12,9.259,0
kinship,9,23,n13,9.266,0
kinship,9,23,n14,9.264,0
kinship,9,23,n15,9.264,0
kinship,9,23,n16,9.263,0
kinship,9,23,n17,9.259,0
kinship,9,23,n18,9.262,0
kinship,9,23,n19,9.264,0
kinship,9,23,n20,9.259,0
kinship,9,23,n21,9.265,0
kinship,9,23,n22,9.259,0
kinship,9,23,n24,9.267,0
kinship,9,23,n25,9.261,0
kinship,9,23,n26,9.267,0
kinship,9,23,n27,9.266,0
kinship,9,23,n28,9.281,0
kinship,9,23,n29,9.262,0
kinship,9,23,n30,9.289,0
kinship,9,23,n31,9.257,0
kinship,9,23,n32,9.266,0
kinship,9,23,n33,9.264,0
kinship,9,23,n34,9.272,0
kinship,9,23,n35,9.265,0
kinship,9,23,n36,9.262,0
kinship,9,23,n37,9.264,0
kinship,9,23,n38,9.263,0
kinship,9,23,n39,9.267,0
kinship,9,23,n40,9.319,0
kinship,9,23,n41,9.264,0
kinship,9,23,n42,9.301,0
kinship,9,23,n43,9.268,0
kinship,9,23,n44,9.266,0
kinship,9,23,n45,9.261,0
kinship,9,23,n46,9.263,0
kinship,9,23,n47,9.256,0
kinship,9,23,n48,9.263,0
kinship,9,23,n49,9.262,0
kinship,9,23,n50,9.261,0
kinship,9,23,n51,9.269,0
kinship,9,23,n52,9.264,0
kinship,9,23,n53,9.267,0
kinship,9,23,n54,9.265,0
kinship,9,23,n55,9.269,0
kinship,9,23,n56,9.265,0
kinship,9,23,n57,9.258,0
kinship,9,23,n58,9.267,0
kinship,9,23,n59,9.265,0
kinship,9,23,n60,9.262,0
kinship,9,23,n61,9.262,0
kinship,9,23,n62,9.266,0
kinship,9,23,n63,9.268,0
kinship,9,23,n64,9.267,0
kinship,9,23,n65,9.261,0
kinship,9,23,n66,9.266,0
kinship,9,23,n67,9.262,0
kinship,9,23,n68,9.265,0
kinship,9,23,n69,9.268,0
kinship,9,23,n70,9.297,0
kinship,9,23,n71,9.260,0
kinship,9,23,n72,9.266,0
kinship,9,23,n73,9.265,0
kinship,9,23,n74,9.261,0
kinship,9,23,n75,9.264,0
kinship,9,23,n76,9.264,0
kinship,9,23,n77,9.265,0
kinship,9,23,n78,9.263,0
kinship,9,23,n79,9.258,0
kinship,9,23,n80,9.261,0
kinship,9,23,n81,9.331,0
kinship,9,23,n82,9.261,0
kinship,9,23,n83,9.266,0
kinship,9,23,n84,9.261,0
kinship,9,23,n85,9.264,0
kinship,9,23,n86,9.268,0
kinship,9,23,n87,9.303,0
kinship,9,23,n88,9.288,0
kinship,9,23,n89,9.261,0
kinship,9,23,n90,9.267,0
kinship,9,23,n91,9.263,0
kinship,9,23,n92,9.257,0
kinship,9,23,n93,9.266,0
kinship,9,23,n94,9.267,0
kinship,9,23,n95,9.264,0
kinship,9,23,n96,9.264,0
kinship,9,23,n97,9.261,0
kinship,9,23,n98,9.261,0
kinship,9,23,n99,9.267,0
memberlist,9,23,n0,11.901,0
memberlist,9,23,n1,11.966,0
memberlist,9,23,n2,11.789,0
memberlist,9,23,n3,11.945,0
memberlist,9,23,n4,11.811,0
memberlist,9,23,n5,11.850,0
memberlist,9,23,n6,11.912,0
memberlist,9,23,n7,11.850,0
memberlist,9,23,n8,11.812,0
memberlist,9,23,n9,11.908,0
memberlist,9,23,n10,11.871,0
memberlist,9,23,n11,11.870,0
memberlist,9,23,n12,11.869,0
memberlist,9,23,n13,11.911,0
memberlist,9,23,n14,11.964,0
memberlist,9,23,n15,11.928,0
memberlist,9,23,n16,11.976,0
memberlist,9,23,n17,11.939,0
memberlist,9,23,n18,11.850,0
memberlist,9,23,n19,11.947,0
memberlist,9,23,n20,11.869,0
memberlist,9,23,n21,11.904,0
memberlist,9,23,n22,11.939,0
memberlist,9,23,n24,11.950,0
memberlist,9,23,n25,11.848,0
memberlist,9,23,n26,11.850,0
memberlist,9,23,n27,11.991,0
memberlist,9,23,n28,11.919,0
memberlist,9,23,n29,11.901,0
memberlist,9,23,n30,11.964,0
memberlist,9,23,n31,11.849,0
memberlist,9,23,n32,11.900,0
memberlist,9,23,n33,11.869,0
memberlist,9,23,n34,11.957,0
memberlist,9,23,n35,11.670,0
memberlist,9,23,n36,11.857,0
memberlist,9,23,n37,11.937,0
memberlist,9,23,n38,11.867,0
memberlist,9,23,n39,11.878,0
memberlist,9,23,n40,11.850,0
memberlist,9,23,n41,11.938,0
memberlist,9,23,n42,11.850,0
memberlist,9,23,n43,11.964,0
memberlist,9,23,n44,12.041,0
memberlist,9,23,n45,11.786,0
memberlist,9,23,n46,11.870,0
memberlist,9,23,n47,11.932,0
memberlist,9,23,n48,11.965,0
memberlist,9,23,n49,11.829,0
memberlist,9,23,n50,11.910,0
memberlist,9,23,n51,11.849,0
memberlist,9,23,n52,11.964,0
memberlist,9,23,n53,11.786,0
memberlist,9,23,n54,11.870,0
memberlist,9,23,n55,11.870,0
memberlist,9,23,n56,11.789,0
memberlist,9,23,n57,11.869,0
memberlist,9,23,n58,11.668,0
memberlist,9,23,n59,11.888,0
memberlist,9,23,n60,11.788,0
memberlist,9,23,n61,11.867,0
memberlist,9,23,n62,11.904,0
memberlist,9,23,n63,11.856,0
memberlist,9,23,n64,11.860,0
memberlist,9,23,n65,11.952,0
memberlist,9,23,n66,11.811,0
memberlist,9,23,n67,11.850,0
memberlist,9,23,n68,11.931,0
memberlist,9,23,n69,11.938,0
memberlist,9,23,n70,11.861,0
memberlist,9,23,n71,11.997,0
memberlist,9,23,n72,12.081,0
memberlist,9,23,n73,11.851,0
memberlist,9,23,n74,11.877,0
memberlist,9,23,n75,11.931,0
memberlist,9,23,n76,11.932,0
memberlist,9,23,n77,11.869,0
memberlist,9,23,n78,11.786,0
memberlist,9,23,n79,12.057,0
memberlist,9,23,n80,11.867,0
memberlist,9,23,n81,11.860,0
memberlist,9,23,n82,11.939,0
memberlist,9,23,n83,11.932,0
memberlist,9,23,n84,11.972,0
memberlist,9,23,n85,11.786,0
memberlist,9,23,n86,11.990,0
memberlist,9,23,n87,11.850,0
memberlist,9,23,n88,11.869,0
memberlist,9,23,n89,11.956,0
memberlist,9,23,n90,11.919,0
memberlist,9,23,n91,11.857,0
memberlist,9,23,n92,11.862,0
memberlist,9,23,n93,11.945,0
memberlist,9,23,n94,11.939,0
memberlist,9,23,n95,11.989,0
memberlist,9,23,n96,11.850,0
memberlist,9,23,n97,11.918,0
memberlist,9,23,n98,11.788,0
memberlist,9,23,n99,11.987,0
kinship,10,88,n0,9.491,0
kinship,10,88,n1,9.494,0
kinship,10,88,n2,9.490,0
kinship,10,88,n3,9.491,0
kinship,10,88,n4,9.496,0
kinship,10,88,n5,9.484,0
kinship,10,88,n6,9.494,0
kinship,10,88,n7,9.491,0
kinship,10,88,n8,9.490,0
kinship,10,88,n9,9.490,0
kinship,10,88,n10,9.486,0
kinship,10,88,n11,9.491,0
kinship,10,88,n12,9.491,0
kinship,10,88,n13,9.487,0
kinship,10,88,n14,9.489,0
kinship,10,88,n15,9.492,0
kinship,10,88,n16,9.484,0
kinship,10,88,n17,9.491,0
kinship,10,88,n18,9.491,0
kinship,10,88,n19,9.484,0
kinship,10,88,n20,9.488,0
kinship,10,88,n21,9.494,0
kinship,10,88,n22,9.482,0
kinship,10,88,n23,9.496,0
kinship,10,88,n24,9.491,0
kinship,10,88,n25,9.489,0
kinship,10,88,n26,9.490,0
kinship,10,88,n27,9.489,0
kinship,10,88,n28,9.490,0
kinship,10,88,n29,9.485,0
kinship,10,88,n30,9.490,0
kinship,10,88,n31,9.493,0
kinship,10,88,n32,9.494,0
kinship,10,88,n33,9.492,0
kinship,10,88,n34,9.487,0
kinship,10,88,n35,9.492,0
kinship,10,88,n36,9.491,0
kinship,10,88,n37,9.490,0
kinship,10,88,n38,9.488,0
kinship,10,88,n39,9.488,0
kinship,10,88,n40,9.514,0
kinship,10,88,n41,9.485,0
kinship,10,88,n42,9.492,0
kinship,10,88,n43,9.494,0
kinship,10,88,n44,9.495,0
kinship,10,88,n45,9.507,0
kinship,10,88,n46,9.486,0
kinship,10,88,n47,9.492,0
kinship,10,88,n48,9.490,0
kinship,10,88,n49,9.490,0
kinship,10,88,n50,9.494,0
kinship,10,88,n51,9.494,0
kinship,10,88,n52,9.494,0
kinship,10,88,n53,9.490,0
kinship,10,88,n54,9.488,0
kinship,10,88,n55,9.494,0
kinship,10,88,n56,9.494,0
kinship,10,88,n57,9.493,0
kinship,10,88,n58,9.490,0
kinship,10,88,n59,9.490,0
kinship,10,88,n60,9.493,0
kinship,10,88,n61,9.490,0
kinship,10,88,n62,9.485,0
kinship,10,88,n63,9.522,0
kinship,10,88,n64,9.491,0
kinship,10,88,n65,9.492,0
kinship,10,88,n66,9.494,0
kinship,10,88,n67,9.494,0
kinship,10,88,n68,9.492,0
kinship,10,88,n69,9.492,0
kinship,10,88,n70,9.484,0
kinship,10,88,n71,9.494,0
kinship,10,88,n72,9.493,0
kinship,10,88,n73,9.491,0
kinship,10,88,n74,9.493,0
kinship,10,88,n75,9.490,0
kinship,10,88,n76,9.490,0
kinship,10,88,n77,9.488,0
kinship,10,88,n78,9.489,0
kinship,10,88,n79,9.492,0
kinship,10,88,n80,9.489,0
kinship,10,88,n81,9.488,0
kinship,10,88,n82,9.491,0
kinship,10,88,n83,9.494,0
kinship,10,88,n84,9.489,0
kinship,10,88,n85,9.491,0
kinship,10,88,n86,9.496,0
kinship,10,88,n87,9.495,0
kinship,10,88,n89,9.492,0
kinship,10,88,n90,9.496,0
kinship,10,88,n91,9.486,0
kinship,10,88,n92,9.487,0
kinship,10,88,n93,9.489,0
kinship,10,88,n94,9.590,0
kinship,10,88,n95,9.492,0
kinship,10,88,n96,9.487,0
kinship,10,88,n97,9.486,0
kinship,10,88,n98,9.492,0
kinship,10,88,n99,9.492,0
memberlist,10,88,n0,9.710,0
memberlist,10,88,n1,9.722,0
memberlist,10,88,n2,9.686,0
memberlist,10,88,n3,9.639,0
memberlist,10,88,n4,9.686,0
memberlist,10,88,n5,9.601,0
memberlist,10,88,n6,9.848,0
memberlist,10,88,n7,9.701,0
memberlist,10,88,n8,9.602,0
memberlist,10,88,n9,9.645,0
memberlist,10,88,n10,9.597,0
memberlist,10,88,n11,9.768,0
memberlist,10,88,n12,9.597,0
memberlist,10,88,n13,9.600,0
memberlist,10,88,n14,9.649,0
memberlist,10,88,n15,9.731,0
memberlist,10,88,n16,9.569,0
memberlist,10,88,n17,9.746,0
memberlist,10,88,n18,9.740,0
memberlist,10,88,n19,9.735,0
memberlist,10,88,n20,9.710,0
memberlist,10,88,n21,9.569,0
memberlist,10,88,n22,9.651,0
memberlist,10,88,n23,9.649,0
memberlist,10,88,n24,9.569,0
memberlist,10,88,n25,9.629,0
memberlist,10,88,n26,9.719,0
memberlist,10,88,n27,9.658,0
memberlist,10,88,n28,9.600,0
memberlist,10,88,n29,9.756,0
memberlist,10,88,n30,9.631,0
memberlist,10,88,n31,9.677,0
memberlist,10,88,n32,9.635,0
memberlist,10,88,n33,9.546,0
memberlist,10,88,n34,9.675,0
memberlist,10,88,n35,9.664,0
memberlist,10,88,n36,9.706,0
memberlist,10,88,n37,9.657,0
memberlist,10,88,n38,9.640,0
memberlist,10,88,n39,9.630,0
memberlist,10,88,n40,9.657,0
memberlist,10,88,n41,9.547,0
memberlist,10,88,n42,9.696,0
memberlist,10,88,n43,9.676,0
memberlist,10,88,n44,9.688,0
memberlist,10,88,n45,9.686,0
memberlist,10,88,n46,9.662,0
memberlist,10,88,n47,9.569,0
memberlist,10,88,n48,9.675,0
memberlist,10,88,n49,9.644,0
memberlist,10,88,n50,9.630,0
memberlist,10,88,n51,9.632,0
memberlist,10,88,n52,9.718,0
memberlist,10,88,n53,9.569,0
memberlist,10,88,n54,9.648,0
memberlist,10,88,n55,9.570,0
memberlist,10,88,n56,9.641,0
memberlist,10,88,n57,9.669,0
memberlist,10,88,n58,9.632,0
memberlist,10,88,n59,9.543,0
memberlist,10,88,n60,9.643,0
memberlist,10,88,n61,9.659,0
memberlist,10,88,n62,9.571,0
memberlist,10,88,n63,9.811,0
memberlist,10,88,n64,9.687,0
memberlist,10,88,n65,9.734,0
memberlist,10,88,n66,9.546,0
memberlist,10,88,n67,9.664,0
memberlist,10,88,n68,9.790,0
memberlist,10,88,n69,9.659,0
memberlist,10,88,n70,9.702,0
memberlist,10,88,n71,9.718,0
memberlist,10,88,n72,9.634,0
memberlist,10,88,n73,9.641,0
memberlist,10,88,n74,9.631,0
memberlist,10,88,n75,9.658,0
memberlist,10,88,n76,9.600,0
memberlist,10,88,n77,9.648,0
memberlist,10,88,n78,9.648,0
memberlist,10,88,n79,9.599,0
memberlist,10,88,n80,9.652,0
memberlist,10,88,n81,9.700,0
memberlist,10,88,n82,9.633,0
memberlist,10,88,n83,9.634,0
memberlist,10,88,n84,9.632,0
memberlist,10,88,n85,9.597,0
memberlist,10,88,n86,9.659,0
memberlist,10,88,n87,9.639,0
memberlist,10,88,n89,9.659,0
memberlist,10,88,n90,9.687,0
memberlist,10,88,n91,9.648,0
memberlist,10,88,n92,9.721,0
memberlist,10,88,n93,9.742,0
memberlist,10,88,n94,9.732,0
memberlist,10,88,n95,9.661,0
memberlist,10,88,n96,9.546,0
memberlist,10,88,n97,9.787,0
memberlist,10,88,n98,9.752,0
memberlist,10,88,n99,9.675,0
kinship,11,22,n0,11.503,0
kinship,11,22,n1,11.491,0
kinship,11,22,n2,11.493,0
kinship,11,22,n3,11.491,0
kinship,11,22,n4,11.496,0
kinship,11,22,n5,11.508,0
kinship,11,22,n6,11.500,0
kinship,11,22,n7,11.505,0
kinship,11,22,n8,11.499,0
kinship,11,22,n9,11.505,0
kinship,11,22,n10,11.497,0
kinship,11,22,n11,11.499,0
kinship,11,22,n12,11.500,0
kinship,11,22,n13,11.509,0
kinship,11,22,n14,11.500,0
kinship,11,22,n15,11.492,0
kinship,11,22,n16,11.504,0
kinship,11,22,n17,11.503,0
kinship,11,22,n18,11.502,0
kinship,11,22,n19,11.498,0
kinship,11,22,n20,11.505,0
kinship,11,22,n21,11.500,0
kinship,11,22,n23,11.496,0
kinship,11,22,n24,11.500,0
kinship,11,22,n25,11.503,0
kinship,11,22,n26,11.505,0
kinship,11,22,n27,11.497,0
kinship,11,22,n28,11.496,0
kinship,11,22,n29,11.502,0
kinship,11,22,n30,11.504,0
kinship,11,22,n31,11.539,0
kinship,11,22,n32,11.502,0
kinship,11,22,n33,11.494,0
kinship,11,22,n34,11.492,0
kinship,11,22,n35,11.493,0
kinship,11,22,n36,11.502,0
kinship,11,22,n37,11.504,0
kinship,11,22,n38,11.503,0
kinship,11,22,n39,11.495,0
kinship,11,22,n40,11.491,0
kinship,11,22,n41,11.495,0
kinship,11,22,n42,11.506,0
kinship,11,22,n43,11.504,0
kinship,11,22,n44,11.498,0
kinship,11,22,n45,11.489,0
kinship,11,22,n46,11.498,0
kinship,11,22,n47,11.500,0
kinship,11,22,n48,11.504,0
kinship,11,22,n49,11.503,0
kinship,11,22,n50,11.505,0
kinship,11,22,n51,11.501,0
kinship,11,22,n52,11.506,0
kinship,11,22,n53,11.511,0
kinship,11,22,n54,11.500,0
kinship,11,22,n55,11.500,0
kinship,11,22,n56,11.503,0
kinship,11,22,n57,11.499,0
kinship,11,22,n58,11.500,0
kinship,11,22,n59,11.497,0
kinship,11,22,n60,11.500,0
kinship,11,22,n61,11.505,0
kinship,11,22,n62,11.499,0
kinship,11,22,n63,11.505,0
kinship,11,22,n64,11.498,0
kinship,11,22,n65,11.501,0
kinship,11,22,n66,11.505,0
kinship,11,22,n67,11.502,0
kinship,11,22,n68,11.503,0
kinship,11,22,n69,11.504,0
kinship,11,22,n70,11.493,0
kinship,11,22,n71,11.499,0
kinship,11,22,n72,11.496,0
kinship,11,22,n73,11.505,0
kinship,11,22,n74,11.499,0
kinship,11,22,n75,11.494,0
kinship,11,22,n76,11.492,0
kinship,11,22,n77,11.505,0
kinship,11,22,n78,11.512,0
kinship,11,22,n79,11.501,0
kinship,11,22,n80,11.503,0
kinship,11,22,n81,11.503,0
kinship,11,22,n82,11.497,0
kinship,11,22,n83,11.525,0
kinship,11,22,n84,11.537,0
kinship,11,22,n85,11.501,0
kinship,11,22,n86,11.503,0
kinship,11,22,n87,11.503,0
kinship,11,22,n88,11.498,0
kinship,11,22,n89,11.490,0
kinship,11,22,n90,11.502,0
kinship,11,22,n91,11.622,0
kinship,11,22,n92,11.524,0
kinship,11,22,n93,11.502,0
kinship,11,22,n94,11.502,0
kinship,11,22,n95,11.497,0
kinship,11,22,n96,11.499,0
kinship,11,22,n97,11.494,0
kinship,11,22,n98,11.503,0
kinship,11,22,n99,11.497,0
memberlist,11,22,n0,9.285,0
memberlist,11,22,n1,9.350,0
memberlist,11,22,n2,9.287,0
memberlist,11,22,n3,9.331,0
memberlist,11,22,n4,9.355,0
memberlist,11,22,n5,9.364,0
memberlist,11,22,n6,9.275,0
memberlist,11,22,n7,9.412,0
memberlist,11,22,n8,9.398,0
memberlist,11,22,n9,9.361,0
memberlist,11,22,n10,9.220,0
memberlist,11,22,n11,9.449,0
memberlist,11,22,n12,9.302,0
memberlist,11,22,n13,9.433,0
memberlist,11,22,n14,9.290,0
memberlist,11,22,n15,9.418,0
memberlist,11,22,n16,9.450,0
memberlist,11,22,n17,9.205,0
memberlist,11,22,n18,9.290,0
memberlist,11,22,n19,9.349,0
memberlist,11,22,n20,9.287,0
memberlist,11,22,n21,9.396,0
memberlist,11,22,n23,9.339,0
memberlist,11,22,n24,9.274,0
memberlist,11,22,n25,9.377,0
memberlist,11,22,n26,9.361,0
memberlist,11,22,n27,9.295,0
memberlist,11,22,n28,9.366,0
memberlist,11,22,n29,9.286,0
memberlist,11,22,n30,9.340,0
memberlist,11,22,n31,9.287,0
memberlist,11,22,n32,9.285,0
memberlist,11,22,n33,9.277,0
memberlist,11,22,n34,9.305,0
memberlist,11,22,n35,9.234,0
memberlist,11,22,n36,9.365,0
memberlist,11,22,n37,9.316,0
memberlist,11,22,n38,9.305,0
memberlist,11,22,n39,9.305,0
memberlist,11,22,n40,9.474,0
memberlist,11,22,n41,9.398,0
memberlist,11,22,n42,9.456,0
memberlist,11,22,n43,9.285,0
memberlist,11,22,n44,9.163,0
memberlist,11,22,n45,9.221,0
memberlist,11,22,n46,9.364,0
memberlist,11,22,n47,9.274,0
memberlist,11,22,n48,9.392,0
memberlist,11,22,n49,9.301,0
memberlist,11,22,n50,9.368,0
memberlist,11,22,n51,9.359,0
memberlist,11,22,n52,9.305,0
memberlist,11,22,n53,9.405,0
memberlist,11,22,n54,9.221,0
memberlist,11,22,n55,9.206,0
memberlist,11,22,n56,9.160,0
memberlist,11,22,n57,9.282,0
memberlist,11,22,n58,9.275,0
memberlist,11,22,n59,9.276,0
memberlist,11,22,n60,9.346,0
memberlist,11,22,n61,9.540,0
memberlist,11,22,n62,9.390,0
memberlist,11,22,n63,9.338,0
memberlist,11,22,n64,9.363,0
memberlist,11,22,n65,9.335,0
memberlist,11,22,n66,9.405,0
memberlist,11,22,n67,9.281,0
memberlist,11,22,n68,9.354,0
memberlist,11,22,n69,9.340,0
memberlist,11,22,n70,9.221,0
memberlist,11,22,n71,9.397,0
memberlist,11,22,n72,9.284,0
memberlist,11,22,n73,9.334,0
memberlist,11,22,n74,9.302,0
memberlist,11,22,n75,9.275,0
memberlist,11,22,n76,9.275,0
memberlist,11,22,n77,9.288,0
memberlist,11,22,n78,9.417,0
memberlist,11,22,n79,9.203,0
memberlist,11,22,n80,9.376,0
memberlist,11,22,n81,9.287,0
memberlist,11,22,n82,9.477,0
memberlist,11,22,n83,9.221,0
memberlist,11,22,n84,9.413,0
memberlist,11,22,n85,9.335,0
memberlist,11,22,n86,9.317,0
memberlist,11,22,n87,9.354,0
memberlist,11,22,n88,9.221,0
memberlist,11,22,n89,9.349,0
memberlist,11,22,n90,9.301,0
memberlist,11,22,n91,9.285,0
memberlist,11,22,n92,9.346,0
memberlist,11,22,n93,9.277,0
memberlist,11,22,n94,9.404,0
memberlist,11,22,n95,9.277,0
memberlist,11,22,n96,9.392,0
memberlist,11,22,n97,9.270,0
memberlist,11,22,n98,9.362,0
memberlist,11,22,n99,9.205,0
kinship,12,47,n0,9.641,0
kinship,12,47,n1,9.641,0
kinship,12,47,n2,9.632,0
kinship,12,47,n3,9.636,0
kinship,12,47,n4,9.640,0
kinship,12,47,n5,9.633,0
kinship,12,47,n6,9.640,0
kinship,12,47,n7,9.638,0
kinship,12,47,n8,9.638,0
kinship,12,47,n9,9.634,0
kinship,12,47,n10,9.640,0
kinship,12,47,n11,9.639,0
kinship,12,47,n12,9.640,0
kinship,12,47,n13,9.637,0
kinship,12,47,n14,9.639,0
kinship,12,47,n15,9.636,0
kinship,12,47,n16,9.675,0
kinship,12,47,n17,9.671,0
kinship,12,47,n18,9.634,0
kinship,12,47,n19,9.640,0
kinship,12,47,n20,9.635,0
kinship,12,47,n21,9.638,0
kinship,12,47,n22,9.641,0
kinship,12,47,n23,9.635,0
kinship,12,47,n24,9.641,0
kinship,12,47,n25,9.639,0
kinship,12,47,n26,9.636,0
kinship,12,47,n27,9.638,0
kinship,12,47,n28,9.640,0
kinship,12,47,n29,9.641,0
kinship,12,47,n30,9.642,0
kinship,12,47,n31,9.640,0
kinship,12,47,n32,9.646,0
kinship,12,47,n33,9.801,0
kinship,12,47,n34,9.639,0
kinship,12,47,n35,9.638,0
kinship,12,47,n36,9.635,0
kinship,12,47,n37,9.640,0
kinship,12,47,n38,9.634,0
kinship,12,47,n39,9.637,0
kinship,12,47,n40,9.640,0
kinship,12,47,n41,9.635,0
kinship,12,47,n42,9.633,0
kinship,12,47,n43,9.640,0
kinship,12,47,n44,9.629,0
kinship,12,47,n45,9.640,0
kinship,12,47,n46,9.640,0
kinship,12,47,n48,9.635,0
kinship,12,47,n49,9.637,0
kinship,12,47,n50,9.639,0
kinship,12,47,n51,9.641,0
kinship,12,47,n52,9.640,0
kinship,12,47,n53,9.642,0
kinship,12,47,n54,9.639,0
kinship,12,47,n55,9.634,0
kinship,12,47,n56,9.641,0
kinship,12,47,n57,9.636,0
kinship,12,47,n58,9.638,0
kinship,12,47,n59,9.638,0
kinship,12,47,n60,9.641,0
kinship,12,47,n61,9.637,0
kinship,12,47,n62,9.642,0
kinship,12,47,n63,9.637,0
kinship,12,47,n64,9.638,0
kinship,12,47,n65,9.640,0
kinship,12,47,n66,9.640,0
kinship,12,47,n67,9.641,0
kinship,12,47,n68,9.637,0
kinship,12,47,n69,9.638,0
kinship,12,47,n70,9.638,0
kinship,12,47,n71,9.633,0
kinship,12,47,n72,9.641,0
kinship,12,47,n73,9.641,0
kinship,12,47,n74,9.637,0
kinship,12,47,n75,9.639,0
kinship,12,47,n76,9.643,0
kinship,12,47,n77,9.640,0
kinship,12,47,n78,9.635,0
kinship,12,47,n79,9.640,0
kinship,12,47,n80,9.638,0
kinship,12,47,n81,9.641,0
kinship,12,47,n82,9.672,0
kinship,12,47,n83,9.640,0
kinship,12,47,n84,9.640,0
kinship,12,47,n85,9.633,0
kinship,12,47,n86,9.636,0
kinship,12,47,n87,9.637,0
kinship,12,47,n88,9.639,0
kinship,12,47,n89,9.643,0
kinship,12,47,n90,9.635,0
kinship,12,47,n91,9.638,0
kinship,12,47,n92,9.641,0
kinship,12,47,n93,9.635,0
kinship,12,47,n94,9.639,0
kinship,12,47,n95,9.638,0
kinship,12,47,n96,9.639,0
kinship,12,47,n97,9.642,0
kinship,12,47,n98,9.637,0
kinship,12,47,n99,9.638,0
memberlist,12,47,n0,11.351,0
memberlist,12,47,n1,11.292,0
memberlist,12,47,n2,11.337,0
memberlist,12,47,n3,11.305,0
memberlist,12,47,n4,11.273,0
memberlist,12,47,n5,11.352,0
memberlist,12,47,n6,11.393,0
memberlist,12,47,n7,11.358,0
memberlist,12,47,n8,11.338,0
memberlist,12,47,n9,11.505,0
memberlist,12,47,n10,11.339,0
memberlist,12,47,n11,11.367,0
memberlist,12,47,n12,11.476,0
memberlist,12,47,n13,11.347,0
memberlist,12,47,n14,11.291,0
memberlist,12,47,n15,11.341,0
memberlist,12,47,n16,11.460,0
memberlist,12,47,n17,11.401,0
memberlist,12,47,n18,11.292,0
memberlist,12,47,n19,11.477,0
memberlist,12,47,n20,11.272,0
memberlist,12,47,n21,11.327,0
memberlist,12,47,n22,11.342,0
memberlist,12,47,n23,11.341,0
memberlist,12,47,n24,11.474,0
memberlist,12,47,n25,11.377,0
memberlist,12,47,n26,11.354,0
memberlist,12,47,n27,11.457,0
memberlist,12,47,n28,11.387,0
memberlist,12,47,n29,11.367,0
memberlist,12,47,n30,11.343,0
memberlist,12,47,n31,11.438,0
memberlist,12,47,n32,11.197,0
memberlist,12,47,n33,11.372,0
memberlist,12,47,n34,11.261,0
memberlist,12,47,n35,11.471,0
memberlist,12,47,n36,11.391,0
memberlist,12,47,n37,11.386,0
memberlist,12,47,n38,11.386,0
memberlist,12,47,n39,11.353,0
memberlist,12,47,n40,11.318,0
memberlist,12,47,n41,11.438,0
memberlist,12,47,n42,11.358,0
memberlist,12,47,n43,11.474,0
memberlist,12,47,n44,11.389,0
memberlist,12,47,n45,11.255,0
memberlist,12,47,n46,11.377,0
memberlist,12,47,n48,11.360,0
memberlist,12,47,n49,11.389,0
memberlist,12,47,n50,11.354,0
memberlist,12,47,n51,11.256,0
memberlist,12,47,n52,11.352,0
memberlist,12,47,n53,11.173,0
memberlist,12,47,n54,11.355,0
memberlist,12,47,n55,11.417,0
memberlist,12,47,n56,11.402,0
memberlist,12,47,n57,11.318,0
memberlist,12,47,n58,11.254,0
memberlist,12,47,n59,11.437,0
memberlist,12,47,n60,11.458,0
memberlist,12,47,n61,11.327,0
memberlist,12,47,n62,11.507,0
memberlist,12,47,n63,11.339,0
memberlist,12,47,n64,11.366,0
memberlist,12,47,n65,11.375,0
memberlist,12,47,n66,11.375,0
memberlist,12,47,n67,11.388,0
memberlist,12,47,n68,11.255,0
memberlist,12,47,n69,11.396,0
memberlist,12,47,n70,11.361,0
memberlist,12,47,n71,11.531,0
memberlist,12,47,n72,11.396,0
memberlist,12,47,n73,11.327,0
memberlist,12,47,n74,11.329,0
memberlist,12,47,n75,11.329,0
memberlist,12,47,n76,11.440,0
memberlist,12,47,n77,11.336,0
memberlist,12,47,n78,11.423,0
memberlist,12,47,n79,11.389,0
memberlist,12,47,n80,11.328,0
memberlist,12,47,n81,11.354,0
memberlist,12,47,n82,11.330,0
memberlist,12,47,n83,11.256,0
memberlist,12,47,n84,11.329,0
memberlist,12,47,n85,11.451,0
memberlist,12,47,n86,11.369,0
memberlist,12,47,n87,11.256,0
memberlist,12,47,n88,11.366,0
memberlist,12,47,n89,11.337,0
memberlist,12,47,n90,11.414,0
memberlist,12,47,n91,11.327,0
memberlist,12,47,n92,11.378,0
memberlist,12,47,n93,11.460,0
memberlist,12,47,n94,11.305,0
memberlist,12,47,n95,11.258,0
memberlist,12,47,n96,11.460,0
memberlist,12,47,n97,11.438,0
memberlist,12,47,n98,11.169,0
memberlist,12,47,n99,11.416,0
kinship,13,23,n0,9.231,0
kinship,13,23,n1,9.242,0
kinship,13,23,n2,9.235,0
kinship,13,23,n3,9.245,0
kinship,13,23,n4,9.234,0
kinship,13,23,n5,9.237,0
kinship,13,23,n6,9.243,0
kinship,13,23,n7,9.244,0
kinship,13,23,n8,9.233,0
kinship,13,23,n9,9.243,0
kinship,13,23,n10,9.236,0
kinship,13,23,n11,9.236,0
kinship,13,23,n12,9.234,0
kinship,13,23,n13,9.271,0
kinship,13,23,n14,9.233,0
kinship,13,23,n15,9.235,0
kinship,13,23,n16,9.239,0
kinship,13,23,n17,9.232,0
kinship,13,23,n18,9.230,0
kinship,13,23,n19,9.240,0
kinship,13,23,n20,9.231,0
kinship,13,23,n21,9.240,0
kinship,13,23,n22,9.234,0
kinship,13,23,n24,9.238,0
kinship,13,23,n25,9.230,0
kinship,13,23,n26,9.237,0
kinship,13,23,n27,9.244,0
kinship,13,23,n28,9.237,0
kinship,13,23,n29,9.236,0
kinship,13,23,n30,9.243,0
kinship,13,23,n31,9.232,0
kinship,13,23,n32,9.239,0
kinship,13,23,n33,9.231,0
kinship,13,23,n34,9.232,0
kinship,13,23,n35,9.234,0
kinship,13,23,n36,9.237,0
kinship,13,23,n37,9.233,0
kinship,13,23,n38,9.237,0
kinship,13,23,n39,9.236,0
kinship,13,23,n40,9.229,0
kinship,13,23,n41,9.242,0
kinship,13,23,n42,9.236,0
kinship,13,23,n43,9.229,0
kinship,13,23,n44,9.230,0
kinship,13,23,n45,9.239,0
kinship,13,23,n46,9.237,0
kinship,13,23,n47,9.230,0
kinship,13,23,n48,9.246,0
kinship,13,23,n49,9.235,0
kinship,13,23,n50,9.226,0
kinship,13,23,n51,9.235,0
kinship,13,23,n52,9.234,0
kinship,13,23,n53,9.234,0
kinship,13,23,n54,9.245,0
kinship,13,23,n55,9.238,0
kinship,13,23,n56,9.243,0
kinship,13,23,n57,9.236,0
kinship,13,23,n58,9.237,0
kinship,13,23,n59,9.227,0
kinship,13,23,n60,9.290,0
kinship,13,23,n61,9.233,0
kinship,13,23,n62,9.245,0
kinship,13,23,n63,9.254,0
kinship,13,23,n64,9.248,0
kinship,13,23,n65,9.233,0
kinship,13,23,n66,9.243,0
kinship,13,23,n67,9.229,0
kinship,13,23,n68,9.239,0
kinship,13,23,n69,9.239,0
kinship,13,23,n70,9.237,0
kinship,13,23,n71,9.233,0
kinship,13,23,n72,9.228,0
kinship,13,23,n73,9.235,0
kinship,13,23,n74,9.236,0
kinship,13,23,n75,9.241,0
kinship,13,23,n76,9.235,0
kinship,13,23,n77,9.235,0
kinship,13,23,n78,9.245,0
kinship,13,23,n79,9.250,0
kinship,13,23,n80,9.240,0
kinship,13,23,n81,9.241,0
kinship,13,23,n82,9.254,0
kinship,13,23,n83,9.248,0
kinship,13,23,n84,9.242,0
kinship,13,23,n85,9.237,0
kinship,13,23,n86,9.245,0
kinship,13,23,n87,9.243,0
kinship,13,23,n88,9.240,0
kinship,13,23,n89,9.231,0
kinship,13,23,n90,9.271,0
kinship,13,23,n91,9.240,0
kinship,13,23,n92,9.234,0
kinship,13,23,n93,9.236,0
kinship,13,23,n94,9.238,0
kinship,13,23,n95,9.231,0
kinship,13,23,n96,9.242,0
kinship,13,23,n97,9.239,0
kinship,13,23,n98,9.240,0
kinship,13,23,n99,9.231,0
memberlist,13,23,n0,10.187,0
memberlist,13,23,n1,10.140,0
memberlist,13,23,n2,10.234,0
memberlist,13,23,n3,10.232,0
memberlist,13,23,n4,10.392,0
memberlist,13,23,n5,10.219,0
memberlist,13,23,n6,10.140,0
memberlist,13,23,n7,10.269,0
memberlist,13,23,n8,10.166,0
memberlist,13,23,n9,10.217,0
memberlist,13,23,n10,10.191,0
memberlist,13,23,n11,10.286,0
memberlist,13,23,n12,10.187,0
memberlist,13,23,n13,10.187,0
memberlist,13,23,n14,10.234,0
memberlist,13,23,n15,10.303,0
memberlist,13,23,n16,10.241,0
memberlist,13,23,n17,10.140,0
memberlist,13,23,n18,10.271,0
memberlist,13,23,n19,10.238,0
memberlist,13,23,n20,10.196,0
memberlist,13,23,n21,10.264,0
memberlist,13,23,n22,10.232,0
memberlist,13,23,n24,10.224,0
memberlist,13,23,n25,10.307,0
memberlist,13,23,n26,10.025,0
memberlist,13,23,n27,10.357,0
memberlist,13,23,n28,10.234,0
memberlist,13,23,n29,10.234,0
memberlist,13,23,n30,10.224,0
memberlist,13,23,n31,10.194,0
memberlist,13,23,n32,10.140,0
memberlist,13,23,n33,10.224,0
memberlist,13,23,n34,10.017,0
memberlist,13,23,n35,10.193,0
memberlist,13,23,n36,10.167,0
memberlist,13,23,n37,10.216,0
memberlist,13,23,n38,10.225,0
memberlist,13,23,n39,10.398,0
memberlist,13,23,n40,10.217,0
memberlist,13,23,n41,10.224,0
memberlist,13,23,n42,10.318,0
memberlist,13,23,n43,10.264,0
memberlist,13,23,n44,10.220,0
memberlist,13,23,n45,10.223,0
memberlist,13,23,n46,10.140,0
memberlist,13,23,n47,10.241,0
memberlist,13,23,n48,10.225,0
memberlist,13,23,n49,10.237,0
memberlist,13,23,n50,10.221,0
memberlist,13,23,n51,10.324,0
memberlist,13,23,n52,10.302,0
memberlist,13,23,n53,10.223,0
memberlist,13,23,n54,10.224,0
memberlist,13,23,n55,10.300,0
memberlist,13,23,n56,10.301,0
memberlist,13,23,n57,10.187,0
memberlist,13,23,n58,10.194,0
memberlist,13,23,n59,10.301,0
memberlist,13,23,n60,10.251,0
memberlist,13,23,n61,10.233,0
memberlist,13,23,n62,10.223,0
memberlist,13,23,n63,10.251,0
memberlist,13,23,n64,10.189,0
memberlist,13,23,n65,10.250,0
memberlist,13,23,n66,10.223,0
memberlist,13,23,n67,10.361,0
memberlist,13,23,n68,10.250,0
memberlist,13,23,n69,10.232,0
memberlist,13,23,n70,10.238,0
memberlist,13,23,n71,10.287,0
memberlist,13,23,n72,10.222,0
memberlist,13,23,n73,10.257,0
memberlist,13,23,n74,10.223,0
memberlist,13,23,n75,10.258,0
memberlist,13,23,n76,10.140,0
memberlist,13,23,n77,10.271,0
memberlist,13,23,n78,10.223,0
memberlist,13,23,n79,10.292,0
memberlist,13,23,n80,10.223,0
memberlist,13,23,n81,10.192,0
memberlist,13,23,n82,10.223,0
memberlist,13,23,n83,10.238,0
memberlist,13,23,n84,10.250,0
memberlist,13,23,n85,10.259,0
memberlist,13,23,n86,10.215,0
memberlist,13,23,n87,10.244,0
memberlist,13,23,n88,10.224,0
memberlist,13,23,n89,10.310,0
memberlist,13,23,n90,10.316,0
memberlist,13,23,n91,10.217,0
memberlist,13,23,n92,10.192,0
memberlist,13,23,n93,10.234,0
memberlist,13,23,n94,10.270,0
memberlist,13,23,n95,10.254,0
memberlist,13,23,n96,10.232,0
memberlist,13,23,n97,10.256,0
memberlist,13,23,n98,10.015,0
memberlist,13,23,n99,10.301,0
kinship,14,95,n0,9.468,0
kinship,14,95,n1,9.475,0
kinship,14,95,n2,9.471,0
kinship,14,95,n3,9.471,0
kinship,14,95,n4,9.474,0
kinship,14,95,n5,9.464,0
kinship,14,95,n6,9.474,0
kinship,14,95,n7,9.478,0
kinship,14,95,n8,9.468,0
kinship,14,95,n9,9.472,0
kinship,14,95,n10,9.463,0
kinship,14,95,n11,9.465,0
kinship,14,95,n12,9.467,0
kinship,14,95,n13,9.470,0
kinship,14,95,n14,9.479,0
kinship,14,95,n15,9.472,0
kinship,14,95,n16,9.471,0
kinship,14,95,n17,9.472,0
kinship,14,95,n18,9.472,0
kinship,14,95,n19,9.465,0
kinship,14,95,n20,9.466,0
kinship,14,95,n21,9.467,0
kinship,14,95,n22,9.470,0
kinship,14,95,n23,9.469,0
kinship,14,95,n24,9.478,0
kinship,14,95,n25,9.474,0
kinship,14,95,n26,9.477,0
kinship,14,95,n27,9.467,0
kinship,14,95,n28,9.471,0
kinship,14,95,n29,9.477,0
kinship,14,95,n30,9.501,0
kinship,14,95,n31,9.477,0
kinship,14,95,n32,9.469,0
kinship,14,95,n33,9.475,0
kinship,14,95,n34,9.472,0
kinship,14,95,n35,9.466,0
kinship,14,95,n36,9.463,0
kinship,14,95,n37,9.477,0
kinship,14,95,n38,9.463,0
kinship,14,95,n39,9.475,0
kinship,14,95,n40,9.473,0
kinship,14,95,n41,9.478,0
kinship,14,95,n42,9.472,0
kinship,14,95,n43,9.466,0
kinship,14,95,n44,9.467,0
kinship,14,95,n45,9.474,0
kinship,14,95,n46,9.566,0
kinship,14,95,n47,9.469,0
kinship,14,95,n48,9.469,0
kinship,14,95,n49,9.472,0
kinship,14,95,n50,9.475,0
kinship,14,95,n51,9.468,0
kinship,14,95,n52,9.472,0
kinship,14,95,n53,9.469,0
kinship,14,95,n54,9.473,0
kinship,14,95,n55,9.471,0
kinship,14,95,n56,9.467,0
kinship,14,95,n57,9.470,0
kinship,14,95,n58,9.480,0
kinship,14,95,n59,9.472,0
kinship,14,95,n60,9.471,0
kinship,14,95,n61,9.472,0
kinship,14,95,n62,9.471,0
kinship,14,95,n63,9.472,0
kinship,14,95,n64,9.465,0
kinship,14,95,n65,9.526,0
kinship,14,95,n66,9.473,0
kinship,14,95,n67,9.471,0
kinship,14,95,n68,9.472,0
kinship,14,95,n69,9.471,0
kinship,14,95,n70,9.472,0
kinship,14,95,n71,9.477,0
kinship,14,95,n72,9.471,0
kinship,14,95,n73,9.473,0
kinship,14,95,n74,9.469,0
kinship,14,95,n75,9.499,0
kinship,14,95,n76,9.469,0
kinship,14,95,n77,9.467,0
kinship,14,95,n78,9.468,0
kinship,14,95,n79,9.469,0
kinship,14,95,n80,9.511,0
kinship,14,95,n81,9.469,0
kinship,14,95,n82,9.470,0
kinship,14,95,n83,9.493,0
kinship,14,95,n84,9.471,0
kinship,14,95,n85,9.511,0
kinship,14,95,n86,9.472,0
kinship,14,95,n87,9.467,0
kinship,14,95,n88,9.473,0
kinship,14,95,n89,9.488,0
kinship,14,95,n90,9.469,0
kinship,14,95,n91,9.472,0
kinship,14,95,n92,9.542,0
kinship,14,95,n93,9.475,0
kinship,14,95,n94,9.468,0
kinship,14,95,n96,9.466,0
kinship,14,95,n97,9.477,0
kinship,14,95,n98,9.473,0
kinship,14,95,n99,9.512,0
memberlist,14,95,n0,10.097,0
memberlist,14,95,n1,10.064,0
memberlist,14,95,n2,10.065,0
memberlist,14,95,n3,10.069,0
memberlist,14,95,n4,10.066,0
memberlist,14,95,n5,10.089,0
memberlist,14,95,n6,10.099,0
memberlist,14,95,n7,9.924,0
memberlist,14,95,n8,10.030,0
memberlist,14,95,n9,9.925,0
memberlist,14,95,n10,10.041,0
memberlist,14,95,n11,10.136,0
memberlist,14,95,n12,9.980,0
memberlist,14,95,n13,10.173,0
memberlist,14,95,n14,10.065,0
memberlist,14,95,n15,10.106,0
memberlist,14,95,n16,10.033,0
memberlist,14,95,n17,10.169,0
memberlist,14,95,n18,10.013,0
memberlist,14,95,n19,10.041,0
memberlist,14,95,n20,10.072,0
memberlist,14,95,n21,10.029,0
memberlist,14,95,n22,10.028,0
memberlist,14,95,n23,9.997,0
memberlist,14,95,n24,10.100,0
memberlist,14,95,n25,10.045,0
memberlist,14,95,n26,10.002,0
memberlist,14,95,n27,9.985,0
memberlist,14,95,n28,10.078,0
memberlist,14,95,n29,10.218,0
memberlist,14,95,n30,10.008,0
memberlist,14,95,n31,9.899,0
memberlist,14,95,n32,9.985,0
memberlist,14,95,n33,9.923,0
memberlist,14,95,n34,9.986,0
memberlist,14,95,n35,9.924,0
memberlist,14,95,n36,10.064,0
memberlist,14,95,n37,10.063,0
memberlist,14,95,n38,9.981,0
memberlist,14,95,n39,9.996,0
memberlist,14,95,n40,9.898,0
memberlist,14,95,n41,10.030,0
memberlist,14,95,n42,10.157,0
memberlist,14,95,n43,9.995,0
memberlist,14,95,n44,10.010,0
memberlist,14,95,n45,10.066,0
memberlist,14,95,n46,9.995,0
memberlist,14,95,n47,10.190,0
memberlist,14,95,n48,10.071,0
memberlist,14,95,n49,10.122,0
memberlist,14,95,n50,9.994,0
memberlist,14,95,n51,10.097,0
memberlist,14,95,n52,9.898,0
memberlist,14,95,n53,10.050,0
memberlist,14,95,n54,10.137,0
memberlist,14,95,n55,10.151,0
memberlist,14,95,n56,10.045,0
memberlist,14,95,n57,10.008,0
memberlist,14,95,n58,9.898,0
memberlist,14,95,n59,10.240,0
memberlist,14,95,n60,10.009,0
memberlist,14,95,n61,10.084,0
memberlist,14,95,n62,10.120,0
memberlist,14,95,n63,10.098,0
memberlist,14,95,n64,10.097,0
memberlist,14,95,n65,10.063,0
memberlist,14,95,n66,9.884,0
memberlist,14,95,n67,10.046,0
memberlist,14,95,n68,9.898,0
memberlist,14,95,n69,10.042,0
memberlist,14,95,n70,10.069,0
memberlist,14,95,n71,9.996,0
memberlist,14,95,n72,10.098,0
memberlist,14,95,n73,10.210,0
memberlist,14,95,n74,10.086,0
memberlist,14,95,n75,10.004,0
memberlist,14,95,n76,9.899,0
memberlist,14,95,n77,10.008,0
memberlist,14,95,n78,10.093,0
memberlist,14,95,n79,10.071,0
memberlist,14,95,n80,10.050,0
memberlist,14,95,n81,10.004,0
memberlist,14,95,n82,10.230,0
memberlist,14,95,n83,10.057,0
memberlist,14,95,n84,10.078,0
memberlist,14,95,n85,9.887,0
memberlist,14,95,n86,10.088,0
memberlist,14,95,n87,10.121,0
memberlist,14,95,n88,10.129,0
memberlist,14,95,n89,10.078,0
memberlist,14,95,n90,9.997,0
memberlist,14,95,n91,10.119,0
memberlist,14,95,n92,10.042,0
memberlist,14,95,n93,10.001,0
memberlist,14,95,n94,10.194,0
memberlist,14,95,n96,10.028,0
memberlist,14,95,n97,10.008,0
memberlist,14,95,n98,10.056,0
memberlist,14,95,n99,10.003,0
kinship,15,63,n0,9.619,0
kinship,15,63,n1,9.618,0
kinship,15,63,n2,9.617,0
kinship,15,63,n3,9.630,0
kinship,15,63,n4,9.622,0
kinship,15,63,n5,9.618,0
kinship,15,63,n6,9.621,0
kinship,15,63,n7,9.622,0
kinship,15,63,n8,9.655,0
kinship,15,63,n9,9.621,0
kinship,15,63,n10,9.619,0
kinship,15,63,n11,9.618,0
kinship,15,63,n12,9.620,0
kinship,15,63,n13,9.623,0
kinship,15,63,n14,9.618,0
kinship,15,63,n15,9.660,0
kinship,15,63,n16,9.621,0
kinship,15,63,n17,9.621,0
kinship,15,63,n18,9.619,0
kinship,15,63,n19,9.616,0
kinship,15,63,n20,9.613,0
kinship,15,63,n21,9.619,0
kinship,15,63,n22,9.621,0
kinship,15,63,n23,9.620,0
kinship,15,63,n24,9.615,0
kinship,15,63,n25,9.621,0
kinship,15,63,n26,9.612,0
kinship,15,63,n27,9.616,0
kinship,15,63,n28,9.622,0
kinship,15,63,n29,9.614,0
kinship,15,63,n30,9.620,0
kinship,15,63,n31,9.640,0
kinship,15,63,n32,9.621,0
kinship,15,63,n33,9.619,0
kinship,15,63,n34,9.617,0
kinship,15,63,n35,9.618,0
kinship,15,63,n36,9.619,0
kinship,15,63,n37,9.622,0
kinship,15,63,n38,9.618,0
kinship,15,63,n39,9.615,0
kinship,15,63,n40,9.621,0
kinship,15,63,n41,9.621,0
kinship,15,63,n42,9.620,0
kinship,15,63,n43,9.617,0
kinship,15,63,n44,9.614,0
kinship,15,63,n45,9.618,0
kinship,15,63,n46,9.632,0
kinship,15,63,n47,9.619,0
kinship,15,63,n48,9.621,0
kinship,15,63,n49,9.616,0
kinship,15,63,n50,9.614,0
kinship,15,63,n51,9.631,0
kinship,15,63,n52,9.615,0
kinship,15,63,n53,9.623,0
kinship,15,63,n54,9.621,0
kinship,15,63,n55,9.622,0
kinship,15,63,n56,9.614,0
kinship,15,63,n57,9.620,0
kinship,15,63,n58,9.621,0
kinship,15,63,n59,9.617,0
kinship,15,63,n60,9.618,0
kinship,15,63,n61,9.621,0
kinship,15,63,n62,9.617,0
kinship,15,63,n64,9.615,0
kinship,15,63,n65,9.614,0
kinship,15,63,n66,9.618,0
kinship,15,63,n67,9.617,0
kinship,15,63,n68,9.614,0
kinship,15,63,n69,9.620,0
kinship,15,63,n70,9.612,0
kinship,15,63,n71,9.610,0
kinship,15,63,n72,9.622,0
kinship,15,63,n73,9.619,0
kinship,15,63,n74,9.615,0
kinship,15,63,n75,9.624,0
kinship,15,63,n76,9.620,0
kinship,15,63,n77,9.621,0
kinship,15,63,n78,9.618,0
kinship,15,63,n79,9.620,0
kinship,15,63,n80,9.618,0
kinship,15,63,n81,9.619,0
kinship,15,63,n82,9.618,0
kinship,15,63,n83,9.619,0
kinship,15,63,n84,9.619,0
kinship,15,63,n85,9.620,0
kinship,15,63,n86,9.618,0
kinship,15,63,n87,9.618,0
kinship,15,63,n88,9.614,0
kinship,15,63,n89,9.618,0
kinship,15,63,n90,9.618,0
kinship,15,63,n91,9.620,0
kinship,15,63,n92,9.621,0
kinship,15,63,n93,9.620,0
kinship,15,63,n94,9.622,0
kinship,15,63,n95,9.622,0
kinship,15,63,n96,9.616,0
kinship,15,63,n97,9.622,0
kinship,15,63,n98,9.622,0
kinship,15,63,n99,9.623,0
memberlist,15,63,n0,9.668,0
memberlist,15,63,n1,9.939,0
memberlist,15,63,n2,9.826,0
memberlist,15,63,n3,9.741,0
memberlist,15,63,n4,9.828,0
memberlist,15,63,n5,9.809,0
memberlist,15,63,n6,9.884,0
memberlist,15,63,n7,9.754,0
memberlist,15,63,n8,9.828,0
memberlist,15,63,n9,9.712,0
memberlist,15,63,n10,9.668,0
memberlist,15,63,n11,9.759,0
memberlist,15,63,n12,9.712,0
memberlist,15,63,n13,9.791,0
memberlist,15,63,n14,9.730,0
memberlist,15,63,n15,9.804,0
memberlist,15,63,n16,9.787,0
memberlist,15,63,n17,9.798,0
memberlist,15,63,n18,9.766,0
memberlist,15,63,n19,9.788,0
memberlist,15,63,n20,9.791,0
memberlist,15,63,n21,9.891,0
memberlist,15,63,n22,9.788,0
memberlist,15,63,n23,9.812,0
memberlist,15,63,n24,9.792,0
memberlist,15,63,n25,9.838,0
memberlist,15,63,n26,9.893,0
memberlist,15,63,n27,9.712,0
memberlist,15,63,n28,9.810,0
memberlist,15,63,n29,9.712,0
memberlist,15,63,n30,9.829,0
memberlist,15,63,n31,9.712,0
memberlist,15,63,n32,9.696,0
memberlist,15,63,n33,9.773,0
memberlist,15,63,n34,9.885,0
memberlist,15,63,n35,9.997,0
memberlist,15,63,n36,9.667,0
memberlist,15,63,n37,9.669,0
memberlist,15,63,n38,9.753,0
memberlist,15,63,n39,9.694,0
memberlist,15,63,n40,9.809,0
memberlist,15,63,n41,9.711,0
memberlist,15,63,n42,9.729,0
memberlist,15,63,n43,9.711,0
memberlist,15,63,n44,9.776,0
memberlist,15,63,n45,9.766,0
memberlist,15,63,n46,9.787,0
memberlist,15,63,n47,9.741,0
memberlist,15,63,n48,9.695,0
memberlist,15,63,n49,9.766,0
memberlist,15,63,n50,9.894,0
memberlist,15,63,n51,9.668,0
memberlist,15,63,n52,9.839,0
memberlist,15,63,n53,9.723,0
memberlist,15,63,n54,9.772,0
memberlist,15,63,n55,9.747,0
memberlist,15,63,n56,9.712,0
memberlist,15,63,n57,9.588,0
memberlist,15,63,n58,9.839,0
memberlist,15,63,n59,9.747,0
memberlist,15,63,n60,9.804,0
memberlist,15,63,n61,9.830,0
memberlist,15,63,n62,9.884,0
memberlist,15,63,n64,9.712,0
memberlist,15,63,n65,9.739,0
memberlist,15,63,n66,9.710,0
memberlist,15,63,n67,9.767,0
memberlist,15,63,n68,9.792,0
memberlist,15,63,n69,9.741,0
memberlist,15,63,n70,9.828,0
memberlist,15,63,n71,9.669,0
memberlist,15,63,n72,9.777,0
memberlist,15,63,n73,9.846,0
memberlist,15,63,n74,9.804,0
memberlist,15,63,n75,9.730,0
memberlist,15,63,n76,9.730,0
memberlist,15,63,n77,9.701,0
memberlist,15,63,n78,9.812,0
memberlist,15,63,n79,9.695,0
memberlist,15,63,n80,9.750,0
memberlist,15,63,n81,9.841,0
memberlist,15,63,n82,9.739,0
memberlist,15,63,n83,9.911,0
memberlist,15,63,n84,9.585,0
memberlist,15,63,n85,9.874,0
memberlist,15,63,n86,9.857,0
memberlist,15,63,n87,9.811,0
memberlist,15,63,n88,9.891,0
memberlist,15,63,n89,9.750,0
memberlist,15,63,n90,9.808,0
memberlist,15,63,n91,9.838,0
memberlist,15,63,n92,9.747,0
memberlist,15,63,n93,9.755,0
memberlist,15,63,n94,9.725,0
memberlist,15,63,n95,9.711,0
memberlist,15,63,n96,9.754,0
memberlist,15,63,n97,9.798,0
memberlist,15,63,n98,9.788,0
memberlist,15,63,n99,9.741,0
kinship,16,3,n0,9.741,0
kinship,16,3,n1,9.739,0
kinship,16,3,n2,9.743,0
kinship,16,3,n4,9.742,0
kinship,16,3,n5,9.741,0
kinship,16,3,n6,9.746,0
kinship,16,3,n7,9.741,0
kinship,16,3,n8,9.743,0
kinship,16,3,n9,9.737,0
kinship,16,3,n10,9.739,0
kinship,16,3,n11,9.746,0
kinship,16,3,n12,9.745,0
kinship,16,3,n13,9.751,0
kinship,16,3,n14,9.738,0
kinship,16,3,n15,9.738,0
kinship,16,3,n16,9.739,0
kinship,16,3,n17,9.759,0
kinship,16,3,n18,9.743,0
kinship,16,3,n19,9.746,0
kinship,16,3,n20,9.743,0
kinship,16,3,n21,9.741,0
kinship,16,3,n22,9.741,0
kinship,16,3,n23,9.739,0
kinship,16,3,n24,9.740,0
kinship,16,3,n25,9.736,0
kinship,16,3,n26,9.742,0
kinship,16,3,n27,9.736,0
kinship,16,3,n28,9.741,0
kinship,16,3,n29,9.740,0
kinship,16,3,n30,9.757,0
kinship,16,3,n31,9.733,0
kinship,16,3,n32,9.755,0
kinship,16,3,n33,9.742,0
kinship,16,3,n34,9.754,0
kinship,16,3,n35,9.741,0
kinship,16,3,n36,9.736,0
kinship,16,3,n37,9.742,0
kinship,16,3,n38,9.740,0
kinship,16,3,n39,9.742,0
kinship,16,3,n40,9.742,0
kinship,16,3,n41,9.743,0
kinship,16,3,n42,9.740,0
kinship,16,3,n43,9.742,0
kinship,16,3,n44,9.736,0
kinship,16,3,n45,9.740,0
kinship,16,3,n46,9.742,0
kinship,16,3,n47,9.741,0
kinship,16,3,n48,9.738,0
kinship,16,3,n49,9.740,0
kinship,16,3,n50,9.737,0
kinship,16,3,n51,9.742,0
kinship,16,3,n52,9.746,0
kinship,16,3,n53,9.743,0
kinship,16,3,n54,9.739,0
kinship,16,3,n55,9.740,0
kinship,16,3,n56,9.743,0
kinship,16,3,n57,9.748,0
kinship,16,3,n58,9.745,0
kinship,16,3,n59,9.745,0
kinship,16,3,n60,9.738,0
kinship,16,3,n61,9.740,0
kinship,16,3,n62,9.738,0
kinship,16,3,n63,9.745,0
kinship,16,3,n64,9.741,0
kinship,16,3,n65,9.736,0
kinship,16,3,n66,9.743,0
kinship,16,3,n67,9.741,0
kinship,16,3,n68,9.776,0
kinship,16,3,n69,9.738,0
kinship,16,3,n70,9.741,0
kinship,16,3,n71,9.741,0
kinship,16,3,n72,9.741,0
kinship,16,3,n73,9.745,0
kinship,16,3,n74,9.757,0
kinship,16,3,n75,9.741,0
kinship,16,3,n76,9.736,0
kinship,16,3,n77,9.742,0
kinship,16,3,n78,9.738,0
kinship,16,3,n79,9.742,0
kinship,16,3,n80,9.745,0
kinship,16,3,n81,9.737,0
kinship,16,3,n82,9.737,0
kinship,16,3,n83,9.745,0
kinship,16,3,n84,9.743,0
kinship,16,3,n85,9.739,0
kinship,16,3,n86,9.742,0
kinship,16,3,n87,9.738,0
kinship,16,3,n88,9.738,0
kinship,16,3,n89,9.758,0
kinship,16,3,n90,9.743,0
kinship,16,3,n91,9.743,0
kinship,16,3,n92,9.756,0
kinship,16,3,n93,9.743,0
kinship,16,3,n94,9.784,0
kinship,16,3,n95,9.743,0
kinship,16,3,n96,9.741,0
kinship,16,3,n97,9.739,0
kinship,16,3,n98,9.742,0
kinship,16,3,n99,9.738,0
memberlist,16,3,n0,9.264,0
memberlist,16,3,n1,9.199,0
memberlist,16,3,n2,9.192,0
memberlist,16,3,n4,9.164,0
memberlist,16,3,n5,9.181,0
memberlist,16,3,n6,9.266,0
memberlist,16,3,n7,9.180,0
memberlist,16,3,n8,9.268,0
memberlist,16,3,n9,9.128,0
memberlist,16,3,n10,9.201,0
memberlist,16,3,n11,9.231,0
memberlist,16,3,n12,9.203,0
memberlist,16,3,n13,9.140,0
memberlist,16,3,n14,9.172,0
memberlist,16,3,n15,9.272,0
memberlist,16,3,n16,9.320,0
memberlist,16,3,n17,9.203,0
memberlist,16,3,n18,9.232,0
memberlist,16,3,n19,9.249,0
memberlist,16,3,n20,9.249,0
memberlist,16,3,n21,9.225,0
memberlist,16,3,n22,9.134,0
memberlist,16,3,n23,9.099,0
memberlist,16,3,n24,9.140,0
memberlist,16,3,n25,9.158,0
memberlist,16,3,n26,9.190,0
memberlist,16,3,n27,9.218,0
memberlist,16,3,n28,9.199,0
memberlist,16,3,n29,9.126,0
memberlist,16,3,n30,9.173,0
memberlist,16,3,n31,9.163,0
memberlist,16,3,n32,9.134,0
memberlist,16,3,n33,9.255,0
memberlist,16,3,n34,9.356,0
memberlist,16,3,n35,9.148,0
memberlist,16,3,n36,9.201,0
memberlist,16,3,n37,9.108,0
memberlist,16,3,n38,9.022,0
memberlist,16,3,n39,9.172,0
memberlist,16,3,n40,9.170,0
memberlist,16,3,n41,9.148,0
memberlist,16,3,n42,9.220,0
memberlist,16,3,n43,9.069,0
memberlist,16,3,n44,9.104,0
memberlist,16,3,n45,9.267,0
memberlist,16,3,n46,9.163,0
memberlist,16,3,n47,9.070,0
memberlist,16,3,n48,9.271,0
memberlist,16,3,n49,9.108,0
memberlist,16,3,n50,9.232,0
memberlist,16,3,n51,9.170,0
memberlist,16,3,n52,9.099,0
memberlist,16,3,n53,9.235,0
memberlist,16,3,n54,9.190,0
memberlist,16,3,n55,9.195,0
memberlist,16,3,n56,9.234,0
memberlist,16,3,n57,9.158,0
memberlist,16,3,n58,9.201,0
memberlist,16,3,n59,9.018,0
memberlist,16,3,n60,9.104,0
memberlist,16,3,n61,9.069,0
memberlist,16,3,n62,9.105,0
memberlist,16,3,n63,9.148,0
memberlist,16,3,n64,9.203,0
memberlist,16,3,n65,9.070,0
memberlist,16,3,n66,9.163,0
memberlist,16,3,n67,9.173,0
memberlist,16,3,n68,9.158,0
memberlist,16,3,n69,9.138,0
memberlist,16,3,n70,9.272,0
memberlist,16,3,n71,9.234,0
memberlist,16,3,n72,9.147,0
memberlist,16,3,n73,9.158,0
memberlist,16,3,n74,9.096,0
memberlist,16,3,n75,9.234,0
memberlist,16,3,n76,9.222,0
memberlist,16,3,n77,9.251,0
memberlist,16,3,n78,9.301,0
memberlist,16,3,n79,9.173,0
memberlist,16,3,n80,9.127,0
memberlist,16,3,n81,9.149,0
memberlist,16,3,n82,9.221,0
memberlist,16,3,n83,9.139,0
memberlist,16,3,n84,9.199,0
memberlist,16,3,n85,9.109,0
memberlist,16,3,n86,9.157,0
memberlist,16,3,n87,9.179,0
memberlist,16,3,n88,9.071,0
memberlist,16,3,n89,9.174,0
memberlist,16,3,n90,9.201,0
memberlist,16,3,n91,9.096,0
memberlist,16,3,n92,9.099,0
memberlist,16,3,n93,9.299,0
memberlist,16,3,n94,9.097,0
memberlist,16,3,n95,9.179,0
memberlist,16,3,n96,9.264,0
memberlist,16,3,n97,9.232,0
memberlist,16,3,n98,9.179,0
memberlist,16,3,n99,9.270,0
kinship,17,52,n0,9.294,0
kinship,17,52,n1,9.298,0
kinship,17,52,n2,9.299,0
kinship,17,52,n3,9.296,0
kinship,17,52,n4,9.302,0
kinship,17,52,n5,9.301,0
kinship,17,52,n6,9.295,0
kinship,17,52,n7,9.293,0
kinship,17,52,n8,9.299,0
kinship,17,52,n9,9.304,0
kinship,17,52,n10,9.296,0
kinship,17,52,n11,9.301,0
kinship,17,52,n12,9.298,0
kinship,17,52,n13,9.363,0
kinship,17,52,n14,9.298,0
kinship,17,52,n15,9.300,0
kinship,17,52,n16,9.296,0
kinship,17,52,n17,9.299,0
kinship,17,52,n18,9.296,0
kinship,17,52,n19,9.295,0
kinship,17,52,n20,9.301,0
kinship,17,52,n21,9.298,0
kinship,17,52,n22,9.374,0
kinship,17,52,n23,9.302,0
kinship,17,52,n24,9.314,0
kinship,17,52,n25,9.305,0
kinship,17,52,n26,9.372,0
kinship,17,52,n27,9.303,0
kinship,17,52,n28,9.296,0
kinship,17,52,n29,9.302,0
kinship,17,52,n30,9.295,0
kinship,17,52,n31,9.299,0
kinship,17,52,n32,9.299,0
kinship,17,52,n33,9.302,0
kinship,17,52,n34,9.294,0
kinship,17,52,n35,9.304,0
kinship,17,52,n36,9.294,0
kinship,17,52,n37,9.298,0
kinship,17,52,n38,9.291,0
kinship,17,52,n39,9.302,0
kinship,17,52,n40,9.297,0
kinship,17,52,n41,9.293,0
kinship,17,52,n42,9.299,0
kinship,17,52,n43,9.356,0
kinship,17,52,n44,9.301,0
kinship,17,52,n45,9.298,0
kinship,17,52,n46,9.299,0
kinship,17,52,n47,9.299,0
kinship,17,52,n48,9.295,0
kinship,17,52,n49,9.403,0
kinship,17,52,n50,9.299,0
kinship,17,52,n51,9.301,0
kinship,17,52,n53,9.301,0
kinship,17,52,n54,9.298,0
kinship,17,52,n55,9.297,0
kinship,17,52,n56,9.303,0
kinship,17,52,n57,9.299,0
kinship,17,52,n58,9.302,0
kinship,17,52,n59,9.294,0
kinship,17,52,n60,9.302,0
kinship,17,52,n61,9.294,0
kinship,17,52,n62,9.296,0
kinship,17,52,n63,9.297,0
kinship,17,52,n64,9.304,0
kinship,17,52,n65,9.306,0
kinship,17,52,n66,9.297,0
kinship,17,52,n67,9.291,0
kinship,17,52,n68,9.293,0
kinship,17,52,n69,9.302,0
kinship,17,52,n70,9.295,0
kinship,17,52,n71,9.331,0
kinship,17,52,n72,9.296,0
kinship,17,52,n73,9.291,0
kinship,17,52,n74,9.296,0
kinship,17,52,n75,9.297,0
kinship,17,52,n76,9.298,0
kinship,17,52,n77,9.299,0
kinship,17,52,n78,9.289,0
kinship,17,52,n79,9.293,0
kinship,17,52,n80,9.299,0
kinship,17,52,n81,9.301,0
kinship,17,52,n82,9.297,0
kinship,17,52,n83,9.301,0
kinship,17,52,n84,9.300,0
kinship,17,52,n85,9.296,0
kinship,17,52,n86,9.299,0
kinship,17,52,n87,9.302,0
kinship,17,52,n88,9.295,0
kinship,17,52,n89,9.299,0
kinship,17,52,n90,9.302,0
kinship,17,52,n91,9.294,0
kinship,17,52,n92,9.301,0
kinship,17,52,n93,9.289,0
kinship,17,52,n94,9.305,0
kinship,17,52,n95,9.299,0
kinship,17,52,n96,9.302,0
kinship,17,52,n97,9.299,0
kinship,17,52,n98,9.292,0
kinship,17,52,n99,9.302,0
memberlist,17,52,n0,9.839,0
memberlist,17,52,n1,9.914,0
memberlist,17,52,n2,9.914,0
memberlist,17,52,n3,9.849,0
memberlist,17,52,n4,9.955,0
memberlist,17,52,n5,9.810,0
memberlist,17,52,n6,9.739,0
memberlist,17,52,n7,9.887,0
memberlist,17,52,n8,9.790,0
memberlist,17,52,n9,9.865,0
memberlist,17,52,n10,9.670,0
memberlist,17,52,n11,9.791,0
memberlist,17,52,n12,9.839,0
memberlist,17,52,n13,9.889,0
memberlist,17,52,n14,9.739,0
memberlist,17,52,n15,9.864,0
memberlist,17,52,n16,9.889,0
memberlist,17,52,n17,9.805,0
memberlist,17,52,n18,9.819,0
memberlist,17,52,n19,9.870,0
memberlist,17,52,n20,9.932,0
memberlist,17,52,n21,9.907,0
memberlist,17,52,n22,9.866,0
memberlist,17,52,n23,9.820,0
memberlist,17,52,n24,9.752,0
memberlist,17,52,n25,9.714,0
memberlist,17,52,n26,9.939,0
memberlist,17,52,n27,9.879,0
memberlist,17,52,n28,9.739,0
memberlist,17,52,n29,9.749,0
memberlist,17,52,n30,9.865,0
memberlist,17,52,n31,9.844,0
memberlist,17,52,n32,9.893,0
memberlist,17,52,n33,9.739,0
memberlist,17,52,n34,9.792,0
memberlist,17,52,n35,9.918,0
memberlist,17,52,n36,9.846,0
memberlist,17,52,n37,9.715,0
memberlist,17,52,n38,9.791,0
memberlist,17,52,n39,9.889,0
memberlist,17,52,n40,9.939,0
memberlist,17,52,n41,9.864,0
memberlist,17,52,n42,9.740,0
memberlist,17,52,n43,10.020,0
memberlist,17,52,n44,9.715,0
memberlist,17,52,n45,9.855,0
memberlist,17,52,n46,9.970,0
memberlist,17,52,n47,9.673,0
memberlist,17,52,n48,9.888,0
memberlist,17,52,n49,9.643,0
memberlist,17,52,n50,9.857,0
memberlist,17,52,n51,9.898,0
memberlist,17,52,n53,9.738,0
memberlist,17,52,n54,9.646,0
memberlist,17,52,n55,9.839,0
memberlist,17,52,n56,9.805,0
memberlist,17,52,n57,9.792,0
memberlist,17,52,n58,9.929,0
memberlist,17,52,n59,9.880,0
memberlist,17,52,n60,9.844,0
memberlist,17,52,n61,9.881,0
memberlist,17,52,n62,9.967,0
memberlist,17,52,n63,9.866,0
memberlist,17,52,n64,9.892,0
memberlist,17,52,n65,9.870,0
memberlist,17,52,n66,9.857,0
memberlist,17,52,n67,9.715,0
memberlist,17,52,n68,9.860,0
memberlist,17,52,n69,9.864,0
memberlist,17,52,n70,9.752,0
memberlist,17,52,n71,9.738,0
memberlist,17,52,n72,9.811,0
memberlist,17,52,n73,9.894,0
memberlist,17,52,n74,9.749,0
memberlist,17,52,n75,9.753,0
memberlist,17,52,n76,9.855,0
memberlist,17,52,n77,9.880,0
memberlist,17,52,n78,9.908,0
memberlist,17,52,n79,9.715,0
memberlist,17,52,n80,9.849,0
memberlist,17,52,n81,9.817,0
memberlist,17,52,n82,9.857,0
memberlist,17,52,n83,9.890,0
memberlist,17,52,n84,9.909,0
memberlist,17,52,n85,9.866,0
memberlist,17,52,n86,9.749,0
memberlist,17,52,n87,9.951,0
memberlist,17,52,n88,9.819,0
memberlist,17,52,n89,9.969,0
memberlist,17,52,n90,9.928,0
memberlist,17,52,n91,9.917,0
memberlist,17,52,n92,9.908,0
memberlist,17,52,n93,9.792,0
memberlist,17,52,n94,9.807,0
memberlist,17,52,n95,9.805,0
memberlist,17,52,n96,9.810,0
memberlist,17,52,n97,9.848,0
memberlist,17,52,n98,9.908,0
memberlist,17,52,n99,9.715,0
kinship,18,92,n0,12.545,0
kinship,18,92,n1,12.491,0
kinship,18,92,n2,12.506,0
kinship,18,92,n3,12.498,0
kinship,18,92,n4,12.500,0
kinship,18,92,n5,12.497,0
kinship,18,92,n6,12.498,0
kinship,18,92,n7,12.497,0
kinship,18,92,n8,12.495,0
kinship,18,92,n9,12.502,0
kinship,18,92,n10,12.497,0
kinship,18,92,n11,12.500,0
kinship,18,92,n12,12.490,0
kinship,18,92,n13,12.499,0
kinship,18,92,n14,12.494,0
kinship,18,92,n15,12.498,0
kinship,18,92,n16,12.504,0
kinship,18,92,n17,12.498,0
kinship,18,92,n18,12.502,0
kinship,18,92,n19,12.499,0
kinship,18,92,n20,12.517,0
kinship,18,92,n21,12.494,0
kinship,18,92,n22,12.488,0
kinship,18,92,n23,12.498,0
kinship,18,92,n24,12.515,0
kinship,18,92,n25,12.496,0
kinship,18,92,n26,12.503,0
kinship,18,92,n27,12.499,0
kinship,18,92,n28,12.497,0
kinship,18,92,n29,12.536,0
kinship,18,92,n30,12.498,0
kinship,18,92,n31,12.496,0
kinship,18,92,n32,12.500,0
kinship,18,92,n33,12.494,0
kinship,18,92,n34,12.495,0
kinship,18,92,n35,12.497,0
kinship,18,92,n36,12.499,0
kinship,18,92,n37,12.501,0
kinship,18,92,n38,12.492,0
kinship,18,92,n39,12.491,0
kinship,18,92,n40,12.498,0
kinship,18,92,n41,12.509,0
kinship,18,92,n42,12.526,0
kinship,18,92,n43,12.494,0
kinship,18,92,n44,12.494,0
kinship,18,92,n45,12.497,0
kinship,18,92,n46,12.497,0
kinship,18,92,n47,12.497,0
kinship,18,92,n48,12.490,0
kinship,18,92,n49,12.496,0
kinship,18,92,n50,12.498,0
kinship,18,92,n51,12.500,0
kinship,18,92,n52,12.496,0
kinship,18,92,n53,12.501,0
kinship,18,92,n54,12.493,0
kinship,18,92,n55,12.501,0
kinship,18,92,n56,12.497,0
kinship,18,92,n57,12.497,0
kinship,18,92,n58,12.494,0
kinship,18,92,n59,12.495,0
kinship,18,92,n60,12.501,0
kinship,18,92,n61,12.495,0
kinship,18,92,n62,12.503,0
kinship,18,92,n63,12.510,0
kinship,18,92,n64,12.500,0
kinship,18,92,n65,12.499,0
kinship,18,92,n66,12.568,0
kinship,18,92,n67,12.545,0
kinship,18,92,n68,12.501,0
kinship,18,92,n69,12.493,0
kinship,18,92,n70,12.495,0
kinship,18,92,n71,12.498,0
kinship,18,92,n72,12.492,0
kinship,18,92,n73,12.495,0
kinship,18,92,n74,12.517,0
kinship,18,92,n75,12.493,0
kinship,18,92,n76,12.496,0
kinship,18,92,n77,12.498,0
kinship,18,92,n78,12.500,0
kinship,18,92,n79,12.495,0
kinship,18,92,n80,12.502,0
kinship,18,92,n81,12.505,0
kinship,18,92,n82,12.505,0
kinship,18,92,n83,12.497,0
kinship,18,92,n84,12.508,0
kinship,18,92,n85,12.501,0
kinship,18,92,n86,12.492,0
kinship,18,92,n87,12.500,0
kinship,18,92,n88,12.500,0
kinship,18,92,n89,12.500,0
kinship,18,92,n90,12.498,0
kinship,18,92,n91,12.507,0
kinship,18,92,n93,12.502,0
kinship,18,92,n94,12.497,0
kinship,18,92,n95,12.499,0
kinship,18,92,n96,12.500,0
kinship,18,92,n97,12.495,0
kinship,18,92,n98,12.492,0
kinship,18,92,n99,12.497,0
memberlist,18,92,n0,9.713,0
memberlist,18,92,n1,9.668,0
memberlist,18,92,n2,9.852,0
memberlist,18,92,n3,9.706,0
memberlist,18,92,n4,9.686,0
memberlist,18,92,n5,9.763,0
memberlist,18,92,n6,9.723,0
memberlist,18,92,n7,9.596,0
memberlist,18,92,n8,9.731,0
memberlist,18,92,n9,9.729,0
memberlist,18,92,n10,9.797,0
memberlist,18,92,n11,9.703,0
memberlist,18,92,n12,9.829,0
memberlist,18,92,n13,9.706,0
memberlist,18,92,n14,9.747,0
memberlist,18,92,n15,9.703,0
memberlist,18,92,n16,9.693,0
memberlist,18,92,n17,9.761,0
memberlist,18,92,n18,9.692,0
memberlist,18,92,n19,9.760,0
memberlist,18,92,n20,9.693,0
memberlist,18,92,n21,9.809,0
memberlist,18,92,n22,9.834,0
memberlist,18,92,n23,9.713,0
memberlist,18,92,n24,9.809,0
memberlist,18,92,n25,9.667,0
memberlist,18,92,n26,9.837,0
memberlist,18,92,n27,9.526,0
memberlist,18,92,n28,9.860,0
memberlist,18,92,n29,9.860,0
memberlist,18,92,n30,9.737,0
memberlist,18,92,n31,9.731,0
memberlist,18,92,n32,9.707,0
memberlist,18,92,n33,9.835,0
memberlist,18,92,n34,9.796,0
memberlist,18,92,n35,9.780,0
memberlist,18,92,n36,9.818,0
memberlist,18,92,n37,9.809,0
memberlist,18,92,n38,9.716,0
memberlist,18,92,n39,9.735,0
memberlist,18,92,n40,9.697,0
memberlist,18,92,n41,9.778,0
memberlist,18,92,n42,9.703,0
memberlist,18,92,n43,9.686,0
memberlist,18,92,n44,9.730,0
memberlist,18,92,n45,9.596,0
memberlist,18,92,n46,9.809,0
memberlist,18,92,n47,9.842,0
memberlist,18,92,n48,9.729,0
memberlist,18,92,n49,9.754,0
memberlist,18,92,n50,9.692,0
memberlist,18,92,n51,9.785,0
memberlist,18,92,n52,9.810,0
memberlist,18,92,n53,9.729,0
memberlist,18,92,n54,9.659,0
memberlist,18,92,n55,9.713,0
memberlist,18,92,n56,9.759,0
memberlist,18,92,n57,9.780,0
memberlist,18,92,n58,9.789,0
memberlist,18,92,n59,9.711,0
memberlist,18,92,n60,9.694,0
memberlist,18,92,n61,9.720,0
memberlist,18,92,n62,9.716,0
memberlist,18,92,n63,9.707,0
memberlist,18,92,n64,9.712,0
memberlist,18,92,n65,9.754,0
memberlist,18,92,n66,9.781,0
memberlist,18,92,n67,9.611,0
memberlist,18,92,n68,9.797,0
memberlist,18,92,n69,9.807,0
memberlist,18,92,n70,9.668,0
memberlist,18,92,n71,9.695,0
memberlist,18,92,n72,9.708,0
memberlist,18,92,n73,9.688,0
memberlist,18,92,n74,9.797,0
memberlist,18,92,n75,9.707,0
memberlist,18,92,n76,9.686,0
memberlist,18,92,n77,9.809,0
memberlist,18,92,n78,9.728,0
memberlist,18,92,n79,9.737,0
memberlist,18,92,n80,9.760,0
memberlist,18,92,n81,9.668,0
memberlist,18,92,n82,9.762,0
memberlist,18,92,n83,9.789,0
memberlist,18,92,n84,9.597,0
memberlist,18,92,n85,9.711,0
memberlist,18,92,n86,9.687,0
memberlist,18,92,n87,9.834,0
memberlist,18,92,n88,9.598,0
memberlist,18,92,n89,9.530,0
memberlist,18,92,n90,9.798,0
memberlist,18,92,n91,9.687,0
memberlist,18,92,n93,9.597,0
memberlist,18,92,n94,9.706,0
memberlist,18,92,n95,9.666,0
memberlist,18,92,n96,9.781,0
memberlist,18,92,n97,9.803,0
memberlist,18,92,n98,9.870,0
memberlist,18,92,n99,9.797,0
kinship,19,82,n0,10.062,0
kinship,19,82,n1,10.066,0
kinship,19,82,n2,10.063,0
kinship,19,82,n3,10.067,0
kinship,19,82,n4,10.065,0
kinship,19,82,n5,10.066,0
kinship,19,82,n6,10.065,0
kinship,19,82,n7,10.063,0
kinship,19,82,n8,10.063,0
kinship,19,82,n9,10.065,0
kinship,19,82,n10,10.059,0
kinship,19,82,n11,10.061,0
kinship,19,82,n12,10.057,0
kinship,19,82,n13,10.065,0
kinship,19,82,n14,10.066,0
kinship,19,82,n15,10.066,0
kinship,19,82,n16,10.055,0
kinship,19,82,n17,10.064,0
kinship,19,82,n18,10.068,0
kinship,19,82,n19,10.059,0
kinship,19,82,n20,10.063,0
kinship,19,82,n21,10.065,0
kinship,19,82,n22,10.066,0
kinship,19,82,n23,10.064,0
kinship,19,82,n24,10.063,0
kinship,19,82,n25,10.064,0
kinship,19,82,n26,10.059,0
kinship,19,82,n27,10.063,0
kinship,19,82,n28,10.058,0
kinship,19,82,n29,10.066,0
kinship,19,82,n30,10.066,0
kinship,19,82,n31,10.060,0
kinship,19,82,n32,10.110,0
kinship,19,82,n33,10.064,0
kinship,19,82,n34,10.065,0
kinship,19,82,n35,10.063,0
kinship,19,82,n36,10.061,0
kinship,19,82,n37,10.097,0
kinship,19,82,n38,10.143,0
kinship,19,82,n39,10.062,0
kinship,19,82,n40,10.066,0
kinship,19,82,n41,10.064,0
kinship,19,82,n42,10.062,0
kinship,19,82,n43,10.063,0
kinship,19,82,n44,10.066,0
kinship,19,82,n45,10.068,0
kinship,19,82,n46,10.066,0
kinship,19,82,n47,10.061,0
kinship,19,82,n48,10.066,0
kinship,19,82,n49,10.071,0
kinship,19,82,n50,10.061,0
kinship,19,82,n51,10.068,0
kinship,19,82,n52,10.063,0
kinship,19,82,n53,10.066,0
kinship,19,82,n54,10.067,0
kinship,19,82,n55,10.076,0
kinship,19,82,n56,10.063,0
kinship,19,82,n57,10.063,0
kinship,19,82,n58,10.064,0
kinship,19,82,n59,10.065,0
kinship,19,82,n60,10.060,0
kinship,19,82,n61,10.062,0
kinship,19,82,n62,10.062,0
kinship,19,82,n63,10.140,0
kinship,19,82,n64,10.063,0
kinship,19,82,n65,10.065,0
kinship,19,82,n66,10.064,0
kinship,19,82,n67,10.067,0
kinship,19,82,n68,10.064,0
kinship,19,82,n69,10.064,0
kinship,19,82,n70,10.061,0
kinship,19,82,n71,10.062,0
kinship,19,82,n72,10.061,0
kinship,19,82,n73,10.061,0
kinship,19,82,n74,10.066,0
kinship,19,82,n75,10.059,0
kinship,19,82,n76,10.065,0
kinship,19,82,n77,10.073,0
kinship,19,82,n78,10.066,0
kinship,19,82,n79,10.064,0
kinship,19,82,n80,10.071,0
kinship,19,82,n81,10.060,0
kinship,19,82,n83,10.065,0
kinship,19,82,n84,10.066,0
kinship,19,82,n85,10.066,0
kinship,19,82,n86,10.064,0
kinship,19,82,n87,10.062,0
kinship,19,82,n88,10.069,0
kinship,19,82,n89,10.066,0
kinship,19,82,n90,10.074,0
kinship,19,82,n91,10.062,0
kinship,19,82,n92,10.066,0
kinship,19,82,n93,10.064,0
kinship,19,82,n94,10.068,0
kinship,19,82,n95,10.066,0
kinship,19,82,n96,10.066,0
kinship,19,82,n97,10.064,0
kinship,19,82,n98,10.064,0
kinship,19,82,n99,10.058,0
memberlist,19,82,n0,9.332,0
memberlist,19,82,n1,9.392,0
memberlist,19,82,n2,9.377,0
memberlist,19,82,n3,9.393,0
memberlist,19,82,n4,9.348,0
memberlist,19,82,n5,9.445,0
memberlist,19,82,n6,9.320,0
memberlist,19,82,n7,9.428,0
memberlist,19,82,n8,9.398,0
memberlist,19,82,n9,9.406,0
memberlist,19,82,n10,9.364,0
memberlist,19,82,n11,9.364,0
memberlist,19,82,n12,9.399,0
memberlist,19,82,n13,9.347,0
memberlist,19,82,n14,9.330,0
memberlist,19,82,n15,9.368,0
memberlist,19,82,n16,9.429,0
memberlist,19,82,n17,9.362,0
memberlist,19,82,n18,9.348,0
memberlist,19,82,n19,9.281,0
memberlist,19,82,n20,9.466,0
memberlist,19,82,n21,9.431,0
memberlist,19,82,n22,9.371,0
memberlist,19,82,n23,9.362,0
memberlist,19,82,n24,9.333,0
memberlist,19,82,n25,9.347,0
memberlist,19,82,n26,9.487,0
memberlist,19,82,n27,9.330,0
memberlist,19,82,n28,9.479,0
memberlist,19,82,n29,9.407,0
memberlist,19,82,n30,9.414,0
memberlist,19,82,n31,9.436,0
memberlist,19,82,n32,9.477,0
memberlist,19,82,n33,9.419,0
memberlist,19,82,n34,9.382,0
memberlist,19,82,n35,9.281,0
memberlist,19,82,n36,9.474,0
memberlist,19,82,n37,9.354,0
memberlist,19,82,n38,9.488,0
memberlist,19,82,n39,9.369,0
memberlist,19,82,n40,9.419,0
memberlist,19,82,n41,9.479,0
memberlist,19,82,n42,9.393,0
memberlist,19,82,n43,9.330,0
memberlist,19,82,n44,9.331,0
memberlist,19,82,n45,9.378,0
memberlist,19,82,n46,9.401,0
memberlist,19,82,n47,9.377,0
memberlist,19,82,n48,9.346,0
memberlist,19,82,n49,9.382,0
memberlist,19,82,n50,9.448,0
memberlist,19,82,n51,9.431,0
memberlist,19,82,n52,9.330,0
memberlist,19,82,n53,9.392,0
memberlist,19,82,n54,9.525,0
memberlist,19,82,n55,9.436,0
memberlist,19,82,n56,9.441,0
memberlist,19,82,n57,9.331,0
memberlist,19,82,n58,9.383,0
memberlist,19,82,n59,9.328,0
memberlist,19,82,n60,9.330,0
memberlist,19,82,n61,9.434,0
memberlist,19,82,n62,9.371,0
memberlist,19,82,n63,9.430,0
memberlist,19,82,n64,9.362,0
memberlist,19,82,n65,9.331,0
memberlist,19,82,n66,9.413,0
memberlist,19,82,n67,9.345,0
memberlist,19,82,n68,9.395,0
memberlist,19,82,n69,9.372,0
memberlist,19,82,n70,9.384,0
memberlist,19,82,n71,9.335,0
memberlist,19,82,n72,9.501,0
memberlist,19,82,n73,9.320,0
memberlist,19,82,n74,9.468,0
memberlist,19,82,n75,9.363,0
memberlist,19,82,n76,9.398,0
memberlist,19,82,n77,9.321,0
memberlist,19,82,n78,9.319,0
memberlist,19,82,n79,9.346,0
memberlist,19,82,n80,9.320,0
memberlist,19,82,n81,9.406,0
memberlist,19,82,n83,9.277,0
memberlist,19,82,n84,9.398,0
memberlist,19,82,n85,9.431,0
memberlist,19,82,n86,9.390,0
memberlist,19,82,n87,9.337,0
memberlist,19,82,n88,9.320,0
memberlist,19,82,n89,9.391,0
memberlist,19,82,n90,9.320,0
memberlist,19,82,n91,9.281,0
memberlist,19,82,n92,9.391,0
memberlist,19,82,n93,9.282,0
memberlist,19,82,n94,9.363,0
memberlist,19,82,n95,9.407,0
memberlist,19,82,n96,9.339,0
memberlist,19,82,n97,9.365,0
memberlist,19,82,n98,9.422,0
memberlist,19,82,n99,9.400,0
kinship,20,93,n0,10.753,0
kinship,20,93,n1,10.753,0
kinship,20,93,n2,10.758,0
kinship,20,93,n3,10.753,0
kinship,20,93,n4,10.753,0
kinship,20,93,n5,10.746,0
kinship,20,93,n6,10.750,0
kinship,20,93,n7,10.758,0
kinship,20,93,n8,10.753,0
kinship,20,93,n9,10.754,0
kinship,20,93,n10,10.759,0
kinship,20,93,n11,10.775,0
kinship,20,93,n12,10.752,0
kinship,20,93,n13,10.763,0
kinship,20,93,n14,10.751,0
kinship,20,93,n15,10.752,0
kinship,20,93,n16,10.752,0
kinship,20,93,n17,10.756,0
kinship,20,93,n18,10.763,0
kinship,20,93,n19,10.755,0
kinship,20,93,n20,10.750,0
kinship,20,93,n21,10.799,0
kinship,20,93,n22,10.749,0
kinship,20,93,n23,10.751,0
kinship,20,93,n24,10.758,0
kinship,20,93,n25,10.759,0
kinship,20,93,n26,10.752,0
kinship,20,93,n27,10.785,0
kinship,20,93,n28,10.757,0
kinship,20,93,n29,10.762,0
kinship,20,93,n30,10.762,0
kinship,20,93,n31,10.754,0
kinship,20,93,n32,10.752,0
kinship,20,93,n33,10.758,0
kinship,20,93,n34,10.757,0
kinship,20,93,n35,10.753,0
kinship,20,93,n36,10.753,0
kinship,20,93,n37,10.755,0
kinship,20,93,n38,10.752,0
kinship,20,93,n39,10.750,0
kinship,20,93,n40,10.757,0
kinship,20,93,n41,10.760,0
kinship,20,93,n42,10.757,0
kinship,20,93,n43,10.754,0
kinship,20,93,n44,10.754,0
kinship,20,93,n45,10.783,0
kinship,20,93,n46,10.760,0
kinship,20,93,n47,10.760,0
kinship,20,93,n48,10.755,0
kinship,20,93,n49,10.755,0
kinship,20,93,n50,10.755,0
kinship,20,93,n51,10.755,0
kinship,20,93,n52,10.755,0
kinship,20,93,n53,10.753,0
kinship,20,93,n54,10.747,0
kinship,20,93,n55,10.754,0
kinship,20,93,n56,10.754,0
kinship,20,93,n57,10.755,0
kinship,20,93,n58,10.763,0
kinship,20,93,n59,10.758,0
kinship,20,93,n60,10.757,0
kinship,20,93,n61,10.759,0
kinship,20,93,n62,10.758,0
kinship,20,93,n63,10.749,0
kinship,20,93,n64,10.760,0
kinship,20,93,n65,10.755,0
kinship,20,93,n66,10.760,0
kinship,20,93,n67,10.758,0
kinship,20,93,n68,10.750,0
kinship,20,93,n69,10.756,0
kinship,20,93,n70,10.755,0
kinship,20,93,n71,10.759,0
kinship,20,93,n72,10.760,0
kinship,20,93,n73,10.788,0
kinship,20,93,n74,10.756,0
kinship,20,93,n75,10.762,0
kinship,20,93,n76,10.748,0
kinship,20,93,n77,10.757,0
kinship,20,93,n78,10.754,0
kinship,20,93,n79,10.754,0
kinship,20,93,n80,10.752,0
kinship,20,93,n81,10.759,0
kinship,20,93,n82,10.753,0
kinship,20,93,n83,10.758,0
kinship,20,93,n84,10.756,0
kinship,20,93,n85,10.756,0
kinship,20,93,n86,10.761,0
kinship,20,93,n87,10.759,0
kinship,20,93,n88,10.755,0
kinship,20,93,n89,10.758,0
kinship,20,93,n90,10.756,0
kinship,20,93,n91,10.754,0
kinship,20,93,n92,10.789,0
kinship,20,93,n94,10.761,0
kinship,20,93,n95,10.839,0
kinship,20,93,n96,10.756,0
kinship,20,93,n97,10.752,0
kinship,20,93,n98,10.791,0
kinship,20,93,n99,10.756,0
memberlist,20,93,n0,9.449,0
memberlist,20,93,n1,9.418,0
memberlist,20,93,n2,9.400,0
memberlist,20,93,n3,9.269,0
memberlist,20,93,n4,9.293,0
memberlist,20,93,n5,9.403,0
memberlist,20,93,n6,9.358,0
memberlist,20,93,n7,9.502,0
memberlist,20,93,n8,9.324,0
memberlist,20,93,n9,9.358,0
memberlist,20,93,n10,9.359,0
memberlist,20,93,n11,9.233,0
memberlist,20,93,n12,9.293,0
memberlist,20,93,n13,9.519,0
memberlist,20,93,n14,9.390,0
memberlist,20,93,n15,9.479,0
memberlist,20,93,n16,9.428,0
memberlist,20,93,n17,9.345,0
memberlist,20,93,n18,9.292,0
memberlist,20,93,n19,9.349,0
memberlist,20,93,n20,9.414,0
memberlist,20,93,n21,9.308,0
memberlist,20,93,n22,9.348,0
memberlist,20,93,n23,9.368,0
memberlist,20,93,n24,9.243,0
memberlist,20,93,n25,9.400,0
memberlist,20,93,n26,9.442,0
memberlist,20,93,n27,9.416,0
memberlist,20,93,n28,9.220,0
memberlist,20,93,n29,9.242,0
memberlist,20,93,n30,9.390,0
memberlist,20,93,n31,9.324,0
memberlist,20,93,n32,9.269,0
memberlist,20,93,n33,9.307,0
memberlist,20,93,n34,9.419,0
memberlist,20,93,n35,9.420,0
memberlist,20,93,n36,9.303,0
memberlist,20,93,n37,9.287,0
memberlist,20,93,n38,9.221,0
memberlist,20,93,n39,9.387,0
memberlist,20,93,n40,9.243,0
memberlist,20,93,n41,9.437,0
memberlist,20,93,n42,9.297,0
memberlist,20,93,n43,9.298,0
memberlist,20,93,n44,9.388,0
memberlist,20,93,n45,9.287,0
memberlist,20,93,n46,9.220,0
memberlist,20,93,n47,9.390,0
memberlist,20,93,n48,9.421,0
memberlist,20,93,n49,9.366,0
memberlist,20,93,n50,9.280,0
memberlist,20,93,n51,9.415,0
memberlist,20,93,n52,9.480,0
memberlist,20,93,n53,9.326,0
memberlist,20,93,n54,9.414,0
memberlist,20,93,n55,9.292,0
memberlist,20,93,n56,9.415,0
memberlist,20,93,n57,9.422,0
memberlist,20,93,n58,9.364,0
memberlist,20,93,n59,9.414,0
memberlist,20,93,n60,9.235,0
memberlist,20,93,n61,9.496,0
memberlist,20,93,n62,9.322,0
memberlist,20,93,n63,9.366,0
memberlist,20,93,n64,9.400,0
memberlist,20,93,n65,9.403,0
memberlist,20,93,n66,9.218,0
memberlist,20,93,n67,9.363,0
memberlist,20,93,n68,9.324,0
memberlist,20,93,n69,9.292,0
memberlist,20,93,n70,9.306,0
memberlist,20,93,n71,9.392,0
memberlist,20,93,n72,9.221,0
memberlist,20,93,n73,9.439,0
memberlist,20,93,n74,9.471,0
memberlist,20,93,n75,9.400,0
memberlist,20,93,n76,9.301,0
memberlist,20,93,n77,9.364,0
memberlist,20,93,n78,9.221,0
memberlist,20,93,n79,9.388,0
memberlist,20,93,n80,9.441,0
memberlist,20,93,n81,9.414,0
memberlist,20,93,n82,9.391,0
memberlist,20,93,n83,9.243,0
memberlist,20,93,n84,9.306,0
memberlist,20,93,n85,9.279,0
memberlist,20,93,n86,9.420,0
memberlist,20,93,n87,9.242,0
memberlist,20,93,n88,9.420,0
memberlist,20,93,n89,9.419,0
memberlist,20,93,n90,9.402,0
memberlist,20,93,n91,9.202,0
memberlist,20,93,n92,9.437,0
memberlist,20,93,n94,9.291,0
memberlist,20,93,n95,9.199,0
memberlist,20,93,n96,9.415,0
memberlist,20,93,n97,9.220,0
memberlist,20,93,n98,9.390,0
memberlist,20,93,n99,9.235,0
kinship,21,67,n0,9.528,0
kinship,21,67,n1,9.587,0
kinship,21,67,n2,9.528,0
kinship,21,67,n3,9.528,0
kinship,21,67,n4,9.526,0
kinship,21,67,n5,9.519,0
kinship,21,67,n6,9.532,0
kinship,21,67,n7,9.546,0
kinship,21,67,n8,9.528,0
kinship,21,67,n9,9.530,0
kinship,21,67,n10,9.529,0
kinship,21,67,n11,9.527,0
kinship,21,67,n12,9.531,0
kinship,21,67,n13,9.530,0
kinship,21,67,n14,9.521,0
kinship,21,67,n15,9.525,0
kinship,21,67,n16,9.523,0
kinship,21,67,n17,9.528,0
kinship,21,67,n18,9.527,0
kinship,21,67,n19,9.528,0
kinship,21,67,n20,9.530,0
kinship,21,67,n21,9.523,0
kinship,21,67,n22,9.526,0
kinship,21,67,n23,9.545,0
kinship,21,67,n24,9.526,0
kinship,21,67,n25,9.525,0
kinship,21,67,n26,9.532,0
kinship,21,67,n27,9.532,0
kinship,21,67,n28,9.529,0
kinship,21,67,n29,9.525,0
kinship,21,67,n30,9.525,0
kinship,21,67,n31,9.553,0
kinship,21,67,n32,9.531,0
kinship,21,67,n33,9.532,0
kinship,21,67,n34,9.543,0
kinship,21,67,n35,9.529,0
kinship,21,67,n36,9.555,0
kinship,21,67,n37,9.526,0
kinship,21,67,n38,9.524,0
kinship,21,67,n39,9.526,0
kinship,21,67,n40,9.528,0
kinship,21,67,n41,9.524,0
kinship,21,67,n42,9.535,0
kinship,21,67,n43,9.531,0
kinship,21,67,n44,9.528,0
kinship,21,67,n45,9.532,0
kinship,21,67,n46,9.524,0
kinship,21,67,n47,9.528,0
kinship,21,67,n48,9.526,0
kinship,21,67,n49,9.525,0
kinship,21,67,n50,9.530,0
kinship,21,67,n51,9.523,0
kinship,21,67,n52,9.533,0
kinship,21,67,n53,9.521,0
kinship,21,67,n54,9.530,0
kinship,21,67,n55,9.532,0
kinship,21,67,n56,9.566,0
kinship,21,67,n57,9.529,0
kinship,21,67,n58,9.531,0
kinship,21,67,n59,9.530,0
kinship,21,67,n60,9.534,0
kinship,21,67,n61,9.528,0
kinship,21,67,n62,9.530,0
kinship,21,67,n63,9.525,0
kinship,21,67,n64,9.534,0
kinship,21,67,n65,9.524,0
kinship,21,67,n66,9.532,0
kinship,21,67,n68,9.538,0
kinship,21,67,n69,9.532,0
kinship,21,67,n70,9.529,0
kinship,21,67,n71,9.529,0
kinship,21,67,n72,9.531,0
kinship,21,67,n73,9.527,0
kinship,21,67,n74,9.526,0
kinship,21,67,n75,9.530,0
kinship,21,67,n76,9.530,0
kinship,21,67,n77,9.530,0
kinship,21,67,n78,9.528,0
kinship,21,67,n79,9.527,0
kinship,21,67,n80,9.525,0
kinship,21,67,n81,9.526,0
kinship,21,67,n82,9.524,0
kinship,21,67,n83,9.527,0
kinship,21,67,n84,9.529,0
kinship,21,67,n85,9.522,0
kinship,21,67,n86,9.529,0
kinship,21,67,n87,9.528,0
kinship,21,67,n88,9.529,0
kinship,21,67,n89,9.528,0
kinship,21,67,n90,9.530,0
kinship,21,67,n91,9.527,0
kinship,21,67,n92,9.528,0
kinship,21,67,n93,9.526,0
kinship,21,67,n94,9.531,0
kinship,21,67,n95,9.524,0
kinship,21,67,n96,9.525,0
kinship,21,67,n97,9.522,0
kinship,21,67,n98,9.529,0
kinship,21,67,n99,9.529,0
memberlist,21,67,n0,9.539,0
memberlist,21,67,n1,9.569,0
memberlist,21,67,n2,9.402,0
memberlist,21,67,n3,9.497,0
memberlist,21,67,n4,9.515,0
memberlist,21,67,n5,9.557,0
memberlist,21,67,n6,9.481,0
memberlist,21,67,n7,9.574,0
memberlist,21,67,n8,9.484,0
memberlist,21,67,n9,9.414,0
memberlist,21,67,n10,9.572,0
memberlist,21,67,n11,9.499,0
memberlist,21,67,n12,9.582,0
memberlist,21,67,n13,9.571,0
memberlist,21,67,n14,9.600,0
memberlist,21,67,n15,9.626,0
memberlist,21,67,n16,9.459,0
memberlist,21,67,n17,9.532,0
memberlist,21,67,n18,9.536,0
memberlist,21,67,n19,9.446,0
memberlist,21,67,n20,9.476,0
memberlist,21,67,n21,9.550,0
memberlist,21,67,n22,9.526,0
memberlist,21,67,n23,9.432,0
memberlist,21,67,n24,9.494,0
memberlist,21,67,n25,9.416,0
memberlist,21,67,n26,9.470,0
memberlist,21,67,n27,9.557,0
memberlist,21,67,n28,9.501,0
memberlist,21,67,n29,9.458,0
memberlist,21,67,n30,9.414,0
memberlist,21,67,n31,9.479,0
memberlist,21,67,n32,9.556,0
memberlist,21,67,n33,9.525,0
memberlist,21,67,n34,9.501,0
memberlist,21,67,n35,9.510,0
memberlist,21,67,n36,9.415,0
memberlist,21,67,n37,9.402,0
memberlist,21,67,n38,9.552,0
memberlist,21,67,n39,9.555,0
memberlist,21,67,n40,9.502,0
memberlist,21,67,n41,9.447,0
memberlist,21,67,n42,9.447,0
memberlist,21,67,n43,9.556,0
memberlist,21,67,n44,9.482,0
memberlist,21,67,n45,9.402,0
memberlist,21,67,n46,9.646,0
memberlist,21,67,n47,9.555,0
memberlist,21,67,n48,9.459,0
memberlist,21,67,n49,9.557,0
memberlist,21,67,n50,9.528,0
memberlist,21,67,n51,9.459,0
memberlist,21,67,n52,9.576,0
memberlist,21,67,n53,9.502,0
memberlist,21,67,n54,9.494,0
memberlist,21,67,n55,9.415,0
memberlist,21,67,n56,9.598,0
memberlist,21,67,n57,9.603,0
memberlist,21,67,n58,9.502,0
memberlist,21,67,n59,9.481,0
memberlist,21,67,n60,9.546,0
memberlist,21,67,n61,9.604,0
memberlist,21,67,n62,9.403,0
memberlist,21,67,n63,9.563,0
memberlist,21,67,n64,9.214,0
memberlist,21,67,n65,9.482,0
memberlist,21,67,n66,9.481,0
memberlist,21,67,n68,9.563,0
memberlist,21,67,n69,9.470,0
memberlist,21,67,n70,9.217,0
memberlist,21,67,n71,9.470,0
memberlist,21,67,n72,9.249,0
memberlist,21,67,n73,9.564,0
memberlist,21,67,n74,9.580,0
memberlist,21,67,n75,9.401,0
memberlist,21,67,n76,9.502,0
memberlist,21,67,n77,9.546,0
memberlist,21,67,n78,9.457,0
memberlist,21,67,n79,9.481,0
memberlist,21,67,n80,9.575,0
memberlist,21,67,n81,9.550,0
memberlist,21,67,n82,9.484,0
memberlist,21,67,n83,9.489,0
memberlist,21,67,n84,9.526,0
memberlist,21,67,n85,9.609,0
memberlist,21,67,n86,9.593,0
memberlist,21,67,n87,9.578,0
memberlist,21,67,n88,9.601,0
memberlist,21,67,n89,9.471,0
memberlist,21,67,n90,9.482,0
memberlist,21,67,n91,9.502,0
memberlist,21,67,n92,9.492,0
memberlist,21,67,n93,9.548,0
memberlist,21,67,n94,9.562,0
memberlist,21,67,n95,9.445,0
memberlist,21,67,n96,9.414,0
memberlist,21,67,n97,9.579,0
memberlist,21,67,n98,9.446,0
memberlist,21,67,n99,9.538,0
kinship,22,3,n0,9.101,0
kinship,22,3,n1,9.082,0
kinship,22,3,n2,9.084,0
kinship,22,3,n4,9.084,0
kinship,22,3,n5,9.084,0
kinship,22,3,n6,9.085,0
kinship,22,3,n7,9.082,0
kinship,22,3,n8,9.075,0
kinship,22,3,n9,9.086,0
kinship,22,3,n10,9.086,0
kinship,22,3,n11,9.080,0
kinship,22,3,n12,9.088,0
kinship,22,3,n13,9.082,0
kinship,22,3,n14,9.087,0
kinship,22,3,n15,9.080,0
kinship,22,3,n16,9.094,0
kinship,22,3,n17,9.079,0
kinship,22,3,n18,9.073,0
kinship,22,3,n19,9.083,0
kinship,22,3,n20,9.090,0
kinship,22,3,n21,9.083,0
kinship,22,3,n22,9.084,0
kinship,22,3,n23,9.082,0
kinship,22,3,n24,9.085,0
kinship,22,3,n25,9.080,0
kinship,22,3,n26,9.088,0
kinship,22,3,n27,9.084,0
kinship,22,3,n28,9.084,0
kinship,22,3,n29,9.081,0
kinship,22,3,n30,9.080,0
kinship,22,3,n31,9.083,0
kinship,22,3,n32,9.080,0
kinship,22,3,n33,9.128,0
kinship,22,3,n34,9.083,0
kinship,22,3,n35,9.081,0
kinship,22,3,n36,9.082,0
kinship,22,3,n37,9.136,0
kinship,22,3,n38,9.079,0
kinship,22,3,n39,9.126,0
kinship,22,3,n40,9.086,0
kinship,22,3,n41,9.087,0
kinship,22,3,n42,9.081,0
kinship,22,3,n43,9.081,0
kinship,22,3,n44,9.086,0
kinship,22,3,n45,9.083,0
kinship,22,3,n46,9.088,0
kinship,22,3,n47,9.077,0
kinship,22,3,n48,9.084,0
kinship,22,3,n49,9.107,0
kinship,22,3,n50,9.079,0
kinship,22,3,n51,9.078,0
kinship,22,3,n52,9.081,0
kinship,22,3,n53,9.085,0
kinship,22,3,n54,9.076,0
kinship,22,3,n55,9.083,0
kinship,22,3,n56,9.086,0
kinship,22,3,n57,9.083,0
kinship,22,3,n58,9.077,0
kinship,22,3,n59,9.082,0
kinship,22,3,n60,9.088,0
kinship,22,3,n61,9.081,0
kinship,22,3,n62,9.123,0
kinship,22,3,n63,9.085,0
kinship,22,3,n64,9.084,0
kinship,22,3,n65,9.078,0
kinship,22,3,n66,9.088,0
kinship,22,3,n67,9.077,0
kinship,22,3,n68,9.081,0
kinship,22,3,n69,9.085,0
kinship,22,3,n70,9.081,0
kinship,22,3,n71,9.085,0
kinship,22,3,n72,9.085,0
kinship,22,3,n73,9.085,0
kinship,22,3,n74,9.085,0
kinship,22,3,n75,9.128,0
kinship,22,3,n76,9.083,0
kinship,22,3,n77,9.075,0
kinship,22,3,n78,9.084,0
kinship,22,3,n79,9.079,0
kinship,22,3,n80,9.082,0
kinship,22,3,n81,9.120,0
kinship,22,3,n82,9.082,0
kinship,22,3,n83,9.139,0
kinship,22,3,n84,9.084,0
kinship,22,3,n85,9.086,0
kinship,22,3,n86,9.090,0
kinship,22,3,n87,9.083,0
kinship,22,3,n88,9.086,0
kinship,22,3,n89,9.083,0
kinship,22,3,n90,9.090,0
kinship,22,3,n91,9.082,0
kinship,22,3,n92,9.085,0
kinship,22,3,n93,9.074,0
kinship,22,3,n94,9.080,0
kinship,22,3,n95,9.103,0
kinship,22,3,n96,9.076,0
kinship,22,3,n97,9.081,0
kinship,22,3,n98,9.086,0
kinship,22,3,n99,9.085,0
memberlist,22,3,n0,9.279,0
memberlist,22,3,n1,9.448,0
memberlist,22,3,n2,9.271,0
memberlist,22,3,n4,9.487,0
memberlist,22,3,n5,9.329,0
memberlist,22,3,n6,9.310,0
memberlist,22,3,n7,9.287,0
memberlist,22,3,n8,9.270,0
memberlist,22,3,n9,9.159,0
memberlist,22,3,n10,9.286,0
memberlist,22,3,n11,9.360,0
memberlist,22,3,n12,9.359,0
memberlist,22,3,n13,9.377,0
memberlist,22,3,n14,9.281,0
memberlist,22,3,n15,9.281,0
memberlist,22,3,n16,9.311,0
memberlist,22,3,n17,9.280,0
memberlist,22,3,n18,9.399,0
memberlist,22,3,n19,9.404,0
memberlist,22,3,n20,9.340,0
memberlist,22,3,n21,9.271,0
memberlist,22,3,n22,9.371,0
memberlist,22,3,n23,9.350,0
memberlist,22,3,n24,9.348,0
memberlist,22,3,n25,9.357,0
memberlist,22,3,n26,9.342,0
memberlist,22,3,n27,9.377,0
memberlist,22,3,n28,9.271,0
memberlist,22,3,n29,9.308,0
memberlist,22,3,n30,9.311,0
memberlist,22,3,n31,9.384,0
memberlist,22,3,n32,9.476,0
memberlist,22,3,n33,9.358,0
memberlist,22,3,n34,9.398,0
memberlist,22,3,n35,9.377,0
memberlist,22,3,n36,9.350,0
memberlist,22,3,n37,9.388,0
memberlist,22,3,n38,9.360,0
memberlist,22,3,n39,9.411,0
memberlist,22,3,n40,9.552,0
memberlist,22,3,n41,9.350,0
memberlist,22,3,n42,9.348,0
memberlist,22,3,n43,9.317,0
memberlist,22,3,n44,9.371,0
memberlist,22,3,n45,9.439,0
memberlist,22,3,n46,9.377,0
memberlist,22,3,n47,9.280,0
memberlist,22,3,n48,9.471,0
memberlist,22,3,n49,9.231,0
memberlist,22,3,n50,9.444,0
memberlist,22,3,n51,9.427,0
memberlist,22,3,n52,9.281,0
memberlist,22,3,n53,9.396,0
memberlist,22,3,n54,9.351,0
memberlist,22,3,n55,9.317,0
memberlist,22,3,n56,9.361,0
memberlist,22,3,n57,9.370,0
memberlist,22,3,n58,9.476,0
memberlist,22,3,n59,9.416,0
memberlist,22,3,n60,9.156,0
memberlist,22,3,n61,9.436,0
memberlist,22,3,n62,9.318,0
memberlist,22,3,n63,9.330,0
memberlist,22,3,n64,9.394,0
memberlist,22,3,n65,9.348,0
memberlist,22,3,n66,9.372,0
memberlist,22,3,n67,9.384,0
memberlist,22,3,n68,9.310,0
memberlist,22,3,n69,9.420,0
memberlist,22,3,n70,9.448,0
memberlist,22,3,n71,9.311,0
memberlist,22,3,n72,9.317,0
memberlist,22,3,n73,9.270,0
memberlist,22,3,n74,9.374,0
memberlist,22,3,n75,9.329,0
memberlist,22,3,n76,9.350,0
memberlist,22,3,n77,9.427,0
memberlist,22,3,n78,9.350,0
memberlist,22,3,n79,9.280,0
memberlist,22,3,n80,9.310,0
memberlist,22,3,n81,9.398,0
memberlist,22,3,n82,9.398,0
memberlist,22,3,n83,9.311,0
memberlist,22,3,n84,9.310,0
memberlist,22,3,n85,9.287,0
memberlist,22,3,n86,9.391,0
memberlist,22,3,n87,9.417,0
memberlist,22,3,n88,9.387,0
memberlist,22,3,n89,9.250,0
memberlist,22,3,n90,9.282,0
memberlist,22,3,n91,9.376,0
memberlist,22,3,n92,9.428,0
memberlist,22,3,n93,9.443,0
memberlist,22,3,n94,9.467,0
memberlist,22,3,n95,9.420,0
memberlist,22,3,n96,9.535,0
memberlist,22,3,n97,9.391,0
memberlist,22,3,n98,9.376,0
memberlist,22,3,n99,9.271,0
kinship,23,18,n0,9.268,0
kinship,23,18,n1,9.275,0
kinship,23,18,n2,9.309,0
kinship,23,18,n3,9.264,0
kinship,23,18,n4,9.271,0
kinship,23,18,n5,9.262,0
kinship,23,18,n6,9.275,0
kinship,23,18,n7,9.265,0
kinship,23,18,n8,9.268,0
kinship,23,18,n9,9.271,0
kinship,23,18,n10,9.268,0
kinship,23,18,n11,9.276,0
kinship,23,18,n12,9.266,0
kinship,23,18,n13,9.273,0
kinship,23,18,n14,9.263,0
kinship,23,18,n15,9.264,0
kinship,23,18,n16,9.266,0
kinship,23,18,n17,9.269,0
kinship,23,18,n19,9.274,0
kinship,23,18,n20,9.264,0
kinship,23,18,n21,9.263,0
kinship,23,18,n22,9.267,0
kinship,23,18,n23,9.278,0
kinship,23,18,n24,9.278,0
kinship,23,18,n25,9.265,0
kinship,23,18,n26,9.261,0
kinship,23,18,n27,9.272,0
kinship,23,18,n28,9.267,0
kinship,23,18,n29,9.269,0
kinship,23,18,n30,9.270,0
kinship,23,18,n31,9.269,0
kinship,23,18,n32,9.267,0
kinship,23,18,n33,9.273,0
kinship,23,18,n34,9.281,0
kinship,23,18,n35,9.269,0
kinship,23,18,n36,9.286,0
kinship,23,18,n37,9.265,0
kinship,23,18,n38,9.266,0
kinship,23,18,n39,9.266,0
kinship,23,18,n40,9.269,0
kinship,23,18,n41,9.271,0
kinship,23,18,n42,9.273,0
kinship,23,18,n43,9.273,0
kinship,23,18,n44,9.264,0
kinship,23,18,n45,9.269,0
kinship,23,18,n46,9.287,0
kinship,23,18,n47,9.270,0
kinship,23,18,n48,9.268,0
kinship,23,18,n49,9.272,0
kinship,23,18,n50,9.275,0
kinship,23,18,n51,9.275,0
kinship,23,18,n52,9.268,0
kinship,23,18,n53,9.269,0
kinship,23,18,n54,9.270,0
kinship,23,18,n55,9.272,0
kinship,23,18,n56,9.294,0
kinship,23,18,n57,9.268,0
kinship,23,18,n58,9.269,0
kinship,23,18,n59,9.271,0
kinship,23,18,n60,9.267,0
kinship,23,18,n61,9.269,0
kinship,23,18,n62,9.290,0
kinship,23,18,n63,9.280,0
kinship,23,18,n64,9.267,0
kinship,23,18,n65,9.278,0
kinship,23,18,n66,9.272,0
kinship,23,18,n67,9.270,0
kinship,23,18,n68,9.267,0
kinship,23,18,n69,9.271,0
kinship,23,18,n70,9.270,0
kinship,23,18,n71,9.272,0
kinship,23,18,n72,9.268,0
kinship,23,18,n73,9.270,0
kinship,23,18,n74,9.271,0
kinship,23,18,n75,9.264,0
kinship,23,18,n76,9.267,0
kinship,23,18,n77,9.276,0
kinship,23,18,n78,9.267,0
kinship,23,18,n79,9.283,0
kinship,23,18,n80,9.272,0
kinship,23,18,n81,9.270,0
kinship,23,18,n82,9.264,0
kinship,23,18,n83,9.270,0
kinship,23,18,n84,9.272,0
kinship,23,18,n85,9.275,0
kinship,23,18,n86,9.273,0
kinship,23,18,n87,9.271,0
kinship,23,18,n88,9.269,0
kinship,23,18,n89,9.273,0
kinship,23,18,n90,9.266,0
kinship,23,18,n91,9.271,0
kinship,23,18,n92,9.269,0
kinship,23,18,n93,9.263,0
kinship,23,18,n94,9.271,0
kinship,23,18,n95,9.273,0
kinship,23,18,n96,9.272,0
kinship,23,18,n97,9.274,0
kinship,23,18,n98,9.269,0
kinship,23,18,n99,9.266,0
memberlist,23,18,n0,9.602,0
memberlist,23,18,n1,9.484,0
memberlist,23,18,n2,9.405,0
memberlist,23,18,n3,9.404,0
memberlist,23,18,n4,9.588,0
memberlist,23,18,n5,9.367,0
memberlist,23,18,n6,9.459,0
memberlist,23,18,n7,9.592,0
memberlist,23,18,n8,9.555,0
memberlist,23,18,n9,9.528,0
memberlist,23,18,n10,9.460,0
memberlist,23,18,n11,9.507,0
memberlist,23,18,n12,9.640,0
memberlist,23,18,n13,9.543,0
memberlist,23,18,n14,9.368,0
memberlist,23,18,n15,9.517,0
memberlist,23,18,n16,9.566,0
memberlist,23,18,n17,9.508,0
memberlist,23,18,n19,9.553,0
memberlist,23,18,n20,9.513,0
memberlist,23,18,n21,9.428,0
memberlist,23,18,n22,9.555,0
memberlist,23,18,n23,9.485,0
memberlist,23,18,n24,9.542,0
memberlist,23,18,n25,9.624,0
memberlist,23,18,n26,9.452,0
memberlist,23,18,n27,9.555,0
memberlist,23,18,n28,9.506,0
memberlist,23,18,n29,9.366,0
memberlist,23,18,n30,9.495,0
memberlist,23,18,n31,9.554,0
memberlist,23,18,n32,9.421,0
memberlist,23,18,n33,9.494,0
memberlist,23,18,n34,9.513,0
memberlist,23,18,n35,9.486,0
memberlist,23,18,n36,9.495,0
memberlist,23,18,n37,9.406,0
memberlist,23,18,n38,9.509,0
memberlist,23,18,n39,9.556,0
memberlist,23,18,n40,9.514,0
memberlist,23,18,n41,9.557,0
memberlist,23,18,n42,9.420,0
memberlist,23,18,n43,9.502,0
memberlist,23,18,n44,9.484,0
memberlist,23,18,n45,9.424,0
memberlist,23,18,n46,9.656,0
memberlist,23,18,n47,9.404,0
memberlist,23,18,n48,9.495,0
memberlist,23,18,n49,9.617,0
memberlist,23,18,n50,9.490,0
memberlist,23,18,n51,9.368,0
memberlist,23,18,n52,9.452,0
memberlist,23,18,n53,9.503,0
memberlist,23,18,n54,9.549,0
memberlist,23,18,n55,9.500,0
memberlist,23,18,n56,9.423,0
memberlist,23,18,n57,9.513,0
memberlist,23,18,n58,9.454,0
memberlist,23,18,n59,9.567,0
memberlist,23,18,n60,9.515,0
memberlist,23,18,n61,9.566,0
memberlist,23,18,n62,9.503,0
memberlist,23,18,n63,9.597,0
memberlist,23,18,n64,9.602,0
memberlist,23,18,n65,9.499,0
memberlist,23,18,n66,9.513,0
memberlist,23,18,n67,9.461,0
memberlist,23,18,n68,9.548,0
memberlist,23,18,n69,9.549,0
memberlist,23,18,n70,9.643,0
memberlist,23,18,n71,9.500,0
memberlist,23,18,n72,9.575,0
memberlist,23,18,n73,9.364,0
memberlist,23,18,n74,9.514,0
memberlist,23,18,n75,9.484,0
memberlist,23,18,n76,9.405,0
memberlist,23,18,n77,9.596,0
memberlist,23,18,n78,9.508,0
memberlist,23,18,n79,9.567,0
memberlist,23,18,n80,9.404,0
memberlist,23,18,n81,9.502,0
memberlist,23,18,n82,9.596,0
memberlist,23,18,n83,9.542,0
memberlist,23,18,n84,9.452,0
memberlist,23,18,n85,9.427,0
memberlist,23,18,n86,9.523,0
memberlist,23,18,n87,9.485,0
memberlist,23,18,n88,9.495,0
memberlist,23,18,n89,9.566,0
memberlist,23,18,n90,9.507,0
memberlist,23,18,n91,9.421,0
memberlist,23,18,n92,9.615,0
memberlist,23,18,n93,9.573,0
memberlist,23,18,n94,9.523,0
memberlist,23,18,n95,9.490,0
memberlist,23,18,n96,9.592,0
memberlist,23,18,n97,9.542,0
memberlist,23,18,n98,9.502,0
memberlist,23,18,n99,9.423,0
kinship,24,85,n0,10.242,0
kinship,24,85,n1,10.247,0
kinship,24,85,n2,10.245,0
kinship,24,85,n3,10.244,0
kinship,24,85,n4,10.241,0
kinship,24,85,n5,10.244,0
kinship,24,85,n6,10.441,0
kinship,24,85,n7,10.243,0
kinship,24,85,n8,10.236,0
kinship,24,85,n9,10.243,0
kinship,24,85,n10,10.244,0
kinship,24,85,n11,10.242,0
kinship,24,85,n12,10.246,0
kinship,24,85,n13,10.244,0
kinship,24,85,n14,10.240,0
kinship,24,85,n15,10.244,0
kinship,24,85,n16,10.246,0
kinship,24,85,n17,10.245,0
kinship,24,85,n18,10.276,0
kinship,24,85,n19,10.241,0
kinship,24,85,n20,10.237,0
kinship,24,85,n21,10.256,0
kinship,24,85,n22,10.246,0
kinship,24,85,n23,10.243,0
kinship,24,85,n24,10.234,0
kinship,24,85,n25,10.264,0
kinship,24,85,n26,10.248,0
kinship,24,85,n27,10.236,0
kinship,24,85,n28,10.242,0
kinship,24,85,n29,10.240,0
kinship,24,85,n30,10.242,0
kinship,24,85,n31,10.245,0
kinship,24,85,n32,10.245,0
kinship,24,85,n33,10.246,0
kinship,24,85,n34,10.239,0
kinship,24,85,n35,10.246,0
kinship,24,85,n36,10.239,0
kinship,24,85,n37,10.246,0
kinship,24,85,n38,10.241,0
kinship,24,85,n39,10.243,0
kinship,24,85,n40,10.240,0
kinship,24,85,n41,10.290,0
kinship,24,85,n42,10.250,0
kinship,24,85,n43,10.248,0
kinship,24,85,n44,10.240,0
kinship,24,85,n45,10.239,0
kinship,24,85,n46,10.248,0
kinship,24,85,n47,10.249,0
kinship,24,85,n48,10.241,0
kinship,24,85,n49,10.241,0
kinship,24,85,n50,10.241,0
kinship,24,85,n51,10.242,0
kinship,24,85,n52,10.239,0
kinship,24,85,n53,10.246,0
kinship,24,85,n54,10.245,0
kinship,24,85,n55,10.250,0
kinship,24,85,n56,10.244,0
kinship,24,85,n57,10.244,0
kinship,24,85,n58,10.246,0
kinship,24,85,n59,10.242,0
kinship,24,85,n60,10.244,0
kinship,24,85,n61,10.239,0
kinship,24,85,n62,10.250,0
kinship,24,85,n63,10.249,0
kinship,24,85,n64,10.237,0
kinship,24,85,n65,10.248,0
kinship,24,85,n66,10.294,0
kinship,24,85,n67,10.244,0
kinship,24,85,n68,10.240,0
kinship,24,85,n69,10.237,0
kinship,24,85,n70,10.241,0
kinship,24,85,n71,10.247,0
kinship,24,85,n72,10.247,0
kinship,24,85,n73,10.243,0
kinship,24,85,n74,10.238,0
kinship,24,85,n75,10.242,0
kinship,24,85,n76,10.245,0
kinship,24,85,n77,10.238,0
kinship,24,85,n78,10.245,0
kinship,24,85,n79,10.244,0
kinship,24,85,n80,10.244,0
kinship,24,85,n81,10.260,0
kinship,24,85,n82,10.241,0
kinship,24,85,n83,10.240,0
kinship,24,85,n84,10.244,0
kinship,24,85,n86,10.240,0
kinship,24,85,n87,10.246,0
kinship,24,85,n88,10.246,0
kinship,24,85,n89,10.245,0
kinship,24,85,n90,10.243,0
kinship,24,85,n91,10.239,0
kinship,24,85,n92,10.241,0
kinship,24,85,n93,10.246,0
kinship,24,85,n94,10.239,0
kinship,24,85,n95,10.249,0
kinship,24,85,n96,10.246,0
kinship,24,85,n97,10.246,0
kinship,24,85,n98,10.244,0
kinship,24,85,n99,10.244,0
memberlist,24,85,n0,10.540,0
memberlist,24,85,n1,10.488,0
memberlist,24,85,n2,10.511,0
memberlist,24,85,n3,10.491,0
memberlist,24,85,n4,10.292,0
memberlist,24,85,n5,10.659,0
memberlist,24,85,n6,10.540,0
memberlist,24,85,n7,10.581,0
memberlist,24,85,n8,10.522,0
memberlist,24,85,n9,10.477,0
memberlist,24,85,n10,10.556,0
memberlist,24,85,n11,10.575,0
memberlist,24,85,n12,10.518,0
memberlist,24,85,n13,10.596,0
memberlist,24,85,n14,10.636,0
memberlist,24,85,n15,10.521,0
memberlist,24,85,n16,10.519,0
memberlist,24,85,n17,10.580,0
memberlist,24,85,n18,10.544,0
memberlist,24,85,n19,10.290,0
memberlist,24,85,n20,10.577,0
memberlist,24,85,n21,10.490,0
memberlist,24,85,n22,10.534,0
memberlist,24,85,n23,10.490,0
memberlist,24,85,n24,10.544,0
memberlist,24,85,n25,10.489,0
memberlist,24,85,n26,10.489,0
memberlist,24,85,n27,10.527,0
memberlist,24,85,n28,10.488,0
memberlist,24,85,n29,10.605,0
memberlist,24,85,n30,10.520,0
memberlist,24,85,n31,10.576,0
memberlist,24,85,n32,10.581,0
memberlist,24,85,n33,10.600,0
memberlist,24,85,n34,10.480,0
memberlist,24,85,n35,10.610,0
memberlist,24,85,n36,10.510,0
memberlist,24,85,n37,10.491,0
memberlist,24,85,n38,10.477,0
memberlist,24,85,n39,10.557,0
memberlist,24,85,n40,10.479,0
memberlist,24,85,n41,10.610,0
memberlist,24,85,n42,10.637,0
memberlist,24,85,n43,10.511,0
memberlist,24,85,n44,10.511,0
memberlist,24,85,n45,10.578,0
memberlist,24,85,n46,10.577,0
memberlist,24,85,n47,10.555,0
memberlist,24,85,n48,10.492,0
memberlist,24,85,n49,10.608,0
memberlist,24,85,n50,10.580,0
memberlist,24,85,n51,10.557,0
memberlist,24,85,n52,10.580,0
memberlist,24,85,n53,10.489,0
memberlist,24,85,n54,10.579,0
memberlist,24,85,n55,10.544,0
memberlist,24,85,n56,10.489,0
memberlist,24,85,n57,10.477,0
memberlist,24,85,n58,10.553,0
memberlist,24,85,n59,10.597,0
memberlist,24,85,n60,10.539,0
memberlist,24,85,n61,10.625,0
memberlist,24,85,n62,10.513,0
memberlist,24,85,n63,10.558,0
memberlist,24,85,n64,10.480,0
memberlist,24,85,n65,10.537,0
memberlist,24,85,n66,10.578,0
memberlist,24,85,n67,10.537,0
memberlist,24,85,n68,10.551,0
memberlist,24,85,n69,10.607,0
memberlist,24,85,n70,10.666,0
memberlist,24,85,n71,10.538,0
memberlist,24,85,n72,10.606,0
memberlist,24,85,n73,10.624,0
memberlist,24,85,n74,10.539,0
memberlist,24,85,n75,10.705,0
memberlist,24,85,n76,10.522,0
memberlist,24,85,n77,10.477,0
memberlist,24,85,n78,10.513,0
memberlist,24,85,n79,10.492,0
memberlist,24,85,n80,10.491,0
memberlist,24,85,n81,10.596,0
memberlist,24,85,n82,10.644,0
memberlist,24,85,n83,10.599,0
memberlist,24,85,n84,10.520,0
memberlist,24,85,n86,10.477,0
memberlist,24,85,n87,10.629,0
memberlist,24,85,n88,10.523,0
memberlist,24,85,n89,10.609,0
memberlist,24,85,n90,10.599,0
memberlist,24,85,n91,10.577,0
memberlist,24,85,n92,10.477,0
memberlist,24,85,n93,10.519,0
memberlist,24,85,n94,10.576,0
memberlist,24,85,n95,10.595,0
memberlist,24,85,n96,10.598,0
memberlist,24,85,n97,10.609,0
memberlist,24,85,n98,10.608,0
memberlist,24,85,n99,10.546,0
kinship,25,87,n0,10.850,0
kinship,25,87,n1,10.849,0
kinship,25,87,n2,10.850,0
kinship,25,87,n3,10.897,0
kinship,25,87,n4,10.847,0
kinship,25,87,n5,10.846,0
kinship,25,87,n6,10.845,0
kinship,25,87,n7,10.849,0
kinship,25,87,n8,10.848,0
kinship,25,87,n9,10.839,0
kinship,25,87,n10,10.851,0
kinship,25,87,n11,10.852,0
kinship,25,87,n12,10.851,0
kinship,25,87,n13,10.856,0
kinship,25,87,n14,10.853,0
kinship,25,87,n15,10.906,0
kinship,25,87,n16,10.848,0
kinship,25,87,n17,10.847,0
kinship,25,87,n18,10.852,0
kinship,25,87,n19,10.844,0
kinship,25,87,n20,10.855,0
kinship,25,87,n21,10.869,0
kinship,25,87,n22,10.849,0
kinship,25,87,n23,10.856,0
kinship,25,87,n24,10.842,0
kinship,25,87,n25,10.851,0
kinship,25,87,n26,10.843,0
kinship,25,87,n27,10.847,0
kinship,25,87,n28,10.852,0
kinship,25,87,n29,10.844,0
kinship,25,87,n30,10.847,0
kinship,25,87,n31,10.849,0
kinship,25,87,n32,10.849,0
kinship,25,87,n33,10.848,0
kinship,25,87,n34,10.841,0
kinship,25,87,n35,10.848,0
kinship,25,87,n36,10.847,0
kinship,25,87,n37,10.851,0
kinship,25,87,n38,10.852,0
kinship,25,87,n39,10.850,0
kinship,25,87,n40,10.848,0
kinship,25,87,n41,10.841,0
kinship,25,87,n42,10.847,0
kinship,25,87,n43,10.852,0
kinship,25,87,n44,10.850,0
kinship,25,87,n45,10.849,0
kinship,25,87,n46,10.846,0
kinship,25,87,n47,10.849,0
kinship,25,87,n48,10.872,0
kinship,25,87,n49,10.848,0
kinship,25,87,n50,10.843,0
kinship,25,87,n51,10.849,0
kinship,25,87,n52,10.851,0
kinship,25,87,n53,10.845,0
kinship,25,87,n54,10.848,0
kinship,25,87,n55,10.851,0
kinship,25,87,n56,10.850,0
kinship,25,87,n57,10.869,0
kinship,25,87,n58,10.908,0
kinship,25,87,n59,10.848,0
kinship,25,87,n60,10.846,0
kinship,25,87,n61,10.848,0
kinship,25,87,n62,10.846,0
kinship,25,87,n63,10.850,0
kinship,25,87,n64,10.851,0
kinship,25,87,n65,11.006,0
kinship,25,87,n66,10.851,0
kinship,25,87,n67,10.847,0
kinship,25,87,n68,10.850,0
kinship,25,87,n69,10.851,0
kinship,25,87,n70,10.849,0
kinship,25,87,n71,10.851,0
kinship,25,87,n72,10.846,0
kinship,25,87,n73,10.850,0
kinship,25,87,n74,10.846,0
kinship,25,87,n75,10.847,0
kinship,25,87,n76,10.851,0
kinship,25,87,n77,10.847,0
kinship,25,87,n78,10.849,0
kinship,25,87,n79,10.850,0
kinship,25,87,n80,10.843,0
kinship,25,87,n81,10.855,0
kinship,25,87,n82,10.851,0
kinship,25,87,n83,10.851,0
kinship,25,87,n84,10.895,0
kinship,25,87,n85,10.853,0
kinship,25,87,n86,10.843,0
kinship,25,87,n88,10.845,0
kinship,25,87,n89,10.883,0
kinship,25,87,n90,10.851,0
kinship,25,87,n91,10.854,0
kinship,25,87,n92,10.849,0
kinship,25,87,n93,10.846,0
kinship,25,87,n94,10.852,0
kinship,25,87,n95,10.849,0
kinship,25,87,n96,10.895,0
kinship,25,87,n97,10.845,0
kinship,25,87,n98,10.850,0
kinship,25,87,n99,10.848,0
memberlist,25,87,n0,10.304,0
memberlist,25,87,n1,10.237,0
memberlist,25,87,n2,10.358,0
memberlist,25,87,n3,10.234,0
memberlist,25,87,n4,10.239,0
memberlist,25,87,n5,10.236,0
memberlist,25,87,n6,10.406,0
memberlist,25,87,n7,10.388,0
memberlist,25,87,n8,10.338,0
memberlist,25,87,n9,10.332,0
memberlist,25,87,n10,10.333,0
memberlist,25,87,n11,10.461,0
memberlist,25,87,n12,10.307,0
memberlist,25,87,n13,10.257,0
memberlist,25,87,n14,10.348,0
memberlist,25,87,n15,10.341,0
memberlist,25,87,n16,10.441,0
memberlist,25,87,n17,10.319,0
memberlist,25,87,n18,10.240,0
memberlist,25,87,n19,10.236,0
memberlist,25,87,n20,10.235,0
memberlist,25,87,n21,10.351,0
memberlist,25,87,n22,10.429,0
memberlist,25,87,n23,10.247,0
memberlist,25,87,n24,10.304,0
memberlist,25,87,n25,10.335,0
memberlist,25,87,n26,10.400,0
memberlist,25,87,n27,10.325,0
memberlist,25,87,n28,10.340,0
memberlist,25,87,n29,10.382,0
memberlist,25,87,n30,10.390,0
memberlist,25,87,n31,10.574,0
memberlist,25,87,n32,10.150,0
memberlist,25,87,n33,10.291,0
memberlist,25,87,n34,10.236,0
memberlist,25,87,n35,10.399,0
memberlist,25,87,n36,10.237,0
memberlist,25,87,n37,10.162,0
memberlist,25,87,n38,10.302,0
memberlist,25,87,n39,10.249,0
memberlist,25,87,n40,10.347,0
memberlist,25,87,n41,10.338,0
memberlist,25,87,n42,10.305,0
memberlist,25,87,n43,10.325,0
memberlist,25,87,n44,10.307,0
memberlist,25,87,n45,10.405,0
memberlist,25,87,n46,10.439,0
memberlist,25,87,n47,10.324,0
memberlist,25,87,n48,10.222,0
memberlist,25,87,n49,10.250,0
memberlist,25,87,n50,10.208,0
memberlist,25,87,n51,10.302,0
memberlist,25,87,n52,10.388,0
memberlist,25,87,n53,10.247,0
memberlist,25,87,n54,10.397,0
memberlist,25,87,n55,10.236,0
memberlist,25,87,n56,10.385,0
memberlist,25,87,n57,10.405,0
memberlist,25,87,n58,10.240,0
memberlist,25,87,n59,10.416,0
memberlist,25,87,n60,10.320,0
memberlist,25,87,n61,10.351,0
memberlist,25,87,n62,10.319,0
memberlist,25,87,n63,10.150,0
memberlist,25,87,n64,10.292,0
memberlist,25,87,n65,10.305,0
memberlist,25,87,n66,10.347,0
memberlist,25,87,n67,10.305,0
memberlist,25,87,n68,10.384,0
memberlist,25,87,n69,10.384,0
memberlist,25,87,n70,10.307,0
memberlist,25,87,n71,10.325,0
memberlist,25,87,n72,10.387,0
memberlist,25,87,n73,10.301,0
memberlist,25,87,n74,10.237,0
memberlist,25,87,n75,10.237,0
memberlist,25,87,n76,10.301,0
memberlist,25,87,n77,10.324,0
memberlist,25,87,n78,10.304,0
memberlist,25,87,n79,10.335,0
memberlist,25,87,n80,10.336,0
memberlist,25,87,n81,10.371,0
memberlist,25,87,n82,10.324,0
memberlist,25,87,n83,10.460,0
memberlist,25,87,n84,10.347,0
memberlist,25,87,n85,10.236,0
memberlist,25,87,n86,10.292,0
memberlist,25,87,n88,10.348,0
memberlist,25,87,n89,10.338,0
memberlist,25,87,n90,10.381,0
memberlist,25,87,n91,10.329,0
memberlist,25,87,n92,10.395,0
memberlist,25,87,n93,10.363,0
memberlist,25,87,n94,10.357,0
memberlist,25,87,n95,10.166,0
memberlist,25,87,n96,10.409,0
memberlist,25,87,n97,10.303,0
memberlist,25,87,n98,10.390,0
memberlist,25,87,n99,10.337,0
kinship,26,17,n0,10.164,0
kinship,26,17,n1,10.199,0
kinship,26,17,n2,10.170,0
kinship,26,17,n3,10.167,0
kinship,26,17,n4,10.167,0
kinship,26,17,n5,10.162,0
kinship,26,17,n6,10.168,0
kinship,26,17,n7,10.169,0
kinship,26,17,n8,10.171,0
kinship,26,17,n9,10.169,0
kinship,26,17,n10,10.168,0
kinship,26,17,n11,10.160,0
kinship,26,17,n12,10.169,0
kinship,26,17,n13,10.161,0
kinship,26,17,n14,10.169,0
kinship,26,17,n15,10.169,0
kinship,26,17,n16,10.166,0
kinship,26,17,n18,10.163,0
kinship,26,17,n19,10.165,0
kinship,26,17,n20,10.162,0
kinship,26,17,n21,10.166,0
kinship,26,17,n22,10.168,0
kinship,26,17,n23,10.164,0
kinship,26,17,n24,10.167,0
kinship,26,17,n25,10.245,0
kinship,26,17,n26,10.165,0
kinship,26,17,n27,10.166,0
kinship,26,17,n28,10.172,0
kinship,26,17,n29,10.159,0
kinship,26,17,n30,10.167,0
kinship,26,17,n31,10.198,0
kinship,26,17,n32,10.160,0
kinship,26,17,n33,10.208,0
kinship,26,17,n34,10.165,0
kinship,26,17,n35,10.164,0
kinship,26,17,n36,10.165,0
kinship,26,17,n37,10.166,0
kinship,26,17,n38,10.167,0
kinship,26,17,n39,10.171,0
kinship,26,17,n40,10.164,0
kinship,26,17,n41,10.165,0
kinship,26,17,n42,10.168,0
kinship,26,17,n43,10.170,0
kinship,26,17,n44,10.164,0
kinship,26,17,n45,10.163,0
kinship,26,17,n46,10.165,0
kinship,26,17,n47,10.168,0
kinship,26,17,n48,10.167,0
kinship,26,17,n49,10.168,0
kinship,26,17,n50,10.166,0
kinship,26,17,n51,10.164,0
kinship,26,17,n52,10.167,0
kinship,26,17,n53,10.167,0
kinship,26,17,n54,10.163,0
kinship,26,17,n55,10.168,0
kinship,26,17,n56,10.158,0
kinship,26,17,n57,10.159,0
kinship,26,17,n58,10.169,0
kinship,26,17,n59,10.165,0
kinship,26,17,n60,10.169,0
kinship,26,17,n61,10.168,0
kinship,26,17,n62,10.169,0
kinship,26,17,n63,10.165,0
kinship,26,17,n64,10.164,0
kinship,26,17,n65,10.267,0
kinship,26,17,n66,10.168,0
kinship,26,17,n67,10.162,0
kinship,26,17,n68,10.168,0
kinship,26,17,n69,10.166,0
kinship,26,17,n70,10.165,0
kinship,26,17,n71,10.162,0
kinship,26,17,n72,10.164,0
kinship,26,17,n73,10.223,0
kinship,26,17,n74,10.167,0
kinship,26,17,n75,10.166,0
kinship,26,17,n76,10.165,0
kinship,26,17,n77,10.168,0
kinship,26,17,n78,10.162,0
kinship,26,17,n79,10.169,0
kinship,26,17,n80,10.168,0
kinship,26,17,n81,10.160,0
kinship,26,17,n82,10.170,0
kinship,26,17,n83,10.165,0
kinship,26,17,n84,10.169,0
kinship,26,17,n85,10.165,0
kinship,26,17,n86,10.162,0
kinship,26,17,n87,10.164,0
kinship,26,17,n88,10.165,0
kinship,26,17,n89,10.162,0
kinship,26,17,n90,10.168,0
kinship,26,17,n91,10.163,0
kinship,26,17,n92,10.167,0
kinship,26,17,n93,10.168,0
kinship,26,17,n94,10.202,0
kinship,26,17,n95,10.166,0
kinship,26,17,n96,10.162,0
kinship,26,17,n97,10.162,0
kinship,26,17,n98,10.169,0
kinship,26,17,n99,10.168,0
memberlist,26,17,n0,11.947,0
memberlist,26,17,n1,11.961,0
memberlist,26,17,n2,11.896,0
memberlist,26,17,n3,12.072,0
memberlist,26,17,n4,12.012,0
memberlist,26,17,n5,11.936,0
memberlist,26,17,n6,11.762,0
memberlist,26,17,n7,11.888,0
memberlist,26,17,n8,11.940,0
memberlist,26,17,n9,11.888,0
memberlist,26,17,n10,12.106,0
memberlist,26,17,n11,11.897,0
memberlist,26,17,n12,11.945,0
memberlist,26,17,n13,11.869,0
memberlist,26,17,n14,11.947,0
memberlist,26,17,n15,11.886,0
memberlist,26,17,n16,11.861,0
memberlist,26,17,n18,11.749,0
memberlist,26,17,n19,11.887,0
memberlist,26,17,n20,11.918,0
memberlist,26,17,n21,11.875,0
memberlist,26,17,n22,11.896,0
memberlist,26,17,n23,12.017,0
memberlist,26,17,n24,12.006,0
memberlist,26,17,n25,11.862,0
memberlist,26,17,n26,11.945,0
memberlist,26,17,n27,11.860,0
memberlist,26,17,n28,11.897,0
memberlist,26,17,n29,11.862,0
memberlist,26,17,n30,11.800,0
memberlist,26,17,n31,11.798,0
memberlist,26,17,n32,11.904,0
memberlist,26,17,n33,11.890,0
memberlist,26,17,n34,11.764,0
memberlist,26,17,n35,11.889,0
memberlist,26,17,n36,12.036,0
memberlist,26,17,n37,11.887,0
memberlist,26,17,n38,12.052,0
memberlist,26,17,n39,12.029,0
memberlist,26,17,n40,11.903,0
memberlist,26,17,n41,11.904,0
memberlist,26,17,n42,11.799,0
memberlist,26,17,n43,11.905,0
memberlist,26,17,n44,11.889,0
memberlist,26,17,n45,11.950,0
memberlist,26,17,n46,12.039,0
memberlist,26,17,n47,11.912,0
memberlist,26,17,n48,11.863,0
memberlist,26,17,n49,12.001,0
memberlist,26,17,n50,11.861,0
memberlist,26,17,n51,11.876,0
memberlist,26,17,n52,11.799,0
memberlist,26,17,n53,11.890,0
memberlist,26,17,n54,12.006,0
memberlist,26,17,n55,11.998,0
memberlist,26,17,n56,11.824,0
memberlist,26,17,n57,11.886,0
memberlist,26,17,n58,11.886,0
memberlist,26,17,n59,11.885,0
memberlist,26,17,n60,11.745,0
memberlist,26,17,n61,11.940,0
memberlist,26,17,n62,11.905,0
memberlist,26,17,n63,11.904,0
memberlist,26,17,n64,11.891,0
memberlist,26,17,n65,11.824,0
memberlist,26,17,n66,11.891,0
memberlist,26,17,n67,11.886,0
memberlist,26,17,n68,11.876,0
memberlist,26,17,n69,11.980,0
memberlist,26,17,n70,11.986,0
memberlist,26,17,n71,11.917,0
memberlist,26,17,n72,11.911,0
memberlist,26,17,n73,11.938,0
memberlist,26,17,n74,11.902,0
memberlist,26,17,n75,12.035,0
memberlist,26,17,n76,11.890,0
memberlist,26,17,n77,11.959,0
memberlist,26,17,n78,11.967,0
memberlist,26,17,n79,11.903,0
memberlist,26,17,n80,11.946,0
memberlist,26,17,n81,11.887,0
memberlist,26,17,n82,11.918,0
memberlist,26,17,n83,11.997,0
memberlist,26,17,n84,11.897,0
memberlist,26,17,n85,11.875,0
memberlist,26,17,n86,11.763,0
memberlist,26,17,n87,12.006,0
memberlist,26,17,n88,12.006,0
memberlist,26,17,n89,11.902,0
memberlist,26,17,n90,11.860,0
memberlist,26,17,n91,11.991,0
memberlist,26,17,n92,11.946,0
memberlist,26,17,n93,11.940,0
memberlist,26,17,n94,11.825,0
memberlist,26,17,n95,11.861,0
memberlist,26,17,n96,11.798,0
memberlist,26,17,n97,11.995,0
memberlist,26,17,n98,12.006,0
memberlist,26,17,n99,12.069,0
kinship,27,91,n0,11.337,0
kinship,27,91,n1,11.328,0
kinship,27,91,n2,11.343,0
kinship,27,91,n3,11.330,0
kinship,27,91,n4,11.336,0
kinship,27,91,n5,11.331,0
kinship,27,91,n6,11.330,0
kinship,27,91,n7,11.332,0
kinship,27,91,n8,11.330,0
kinship,27,91,n9,11.334,0
kinship,27,91,n10,11.326,0
kinship,27,91,n11,11.332,0
kinship,27,91,n12,11.331,0
kinship,27,91,n13,11.330,0
kinship,27,91,n14,11.332,0
kinship,27,91,n15,11.327,0
kinship,27,91,n16,11.330,0
kinship,27,91,n17,11.332,0
kinship,27,91,n18,11.324,0
kinship,27,91,n19,11.333,0
kinship,27,91,n20,11.334,0
kinship,27,91,n21,11.331,0
kinship,27,91,n22,11.336,0
kinship,27,91,n23,11.336,0
kinship,27,91,n24,11.329,0
kinship,27,91,n25,11.332,0
kinship,27,91,n26,11.334,0
kinship,27,91,n27,11.328,0
kinship,27,91,n28,11.335,0
kinship,27,91,n29,11.325,0
kinship,27,91,n30,11.328,0
kinship,27,91,n31,11.325,0
kinship,27,91,n32,11.334,0
kinship,27,91,n33,11.332,0
kinship,27,91,n34,11.333,0
kinship,27,91,n35,11.332,0
kinship,27,91,n36,11.334,0
kinship,27,91,n37,11.333,0
kinship,27,91,n38,11.330,0
kinship,27,91,n39,11.332,0
kinship,27,91,n40,11.330,0
kinship,27,91,n41,11.331,0
kinship,27,91,n42,11.328,0
kinship,27,91,n43,11.331,0
kinship,27,91,n44,11.332,0
kinship,27,91,n45,11.331,0
kinship,27,91,n46,11.328,0
kinship,27,91,n47,11.328,0
kinship,27,91,n48,11.326,0
kinship,27,91,n49,11.331,0
kinship,27,91,n50,11.335,0
kinship,27,91,n51,11.334,0
kinship,27,91,n52,11.332,0
kinship,27,91,n53,11.334,0
kinship,27,91,n54,11.334,0
kinship,27,91,n55,11.350,0
kinship,27,91,n56,11.333,0
kinship,27,91,n57,11.329,0
kinship,27,91,n58,11.326,0
kinship,27,91,n59,11.334,0
kinship,27,91,n60,11.331,0
kinship,27,91,n61,11.332,0
kinship,27,91,n62,11.338,0
kinship,27,91,n63,11.332,0
kinship,27,91,n64,11.330,0
kinship,27,91,n65,11.336,0
kinship,27,91,n66,11.335,0
kinship,27,91,n67,11.330,0
kinship,27,91,n68,11.334,0
kinship,27,91,n69,11.334,0
kinship,27,91,n70,11.331,0
kinship,27,91,n71,11.329,0
kinship,27,91,n72,11.328,0
kinship,27,91,n73,11.330,0
kinship,27,91,n74,11.398,0
kinship,27,91,n75,11.334,0
kinship,27,91,n76,11.335,0
kinship,27,91,n77,11.326,0
kinship,27,91,n78,11.337,0
kinship,27,91,n79,11.331,0
kinship,27,91,n80,11.330,0
kinship,27,91,n81,11.328,0
kinship,27,91,n82,11.337,0
kinship,27,91,n83,11.333,0
kinship,27,91,n84,11.333,0
kinship,27,91,n85,11.323,0
kinship,27,91,n86,11.336,0
kinship,27,91,n87,11.334,0
kinship,27,91,n88,11.332,0
kinship,27,91,n89,11.337,0
kinship,27,91,n90,11.334,0
kinship,27,91,n92,11.328,0
kinship,27,91,n93,11.332,0
kinship,27,91,n94,11.333,0
kinship,27,91,n95,11.325,0
kinship,27,91,n96,11.337,0
kinship,27,91,n97,11.333,0
kinship,27,91,n98,11.335,0
kinship,27,91,n99,11.331,0
memberlist,27,91,n0,9.931,0
memberlist,27,91,n1,10.012,0
memberlist,27,91,n2,9.987,0
memberlist,27,91,n3,9.863,0
memberlist,27,91,n4,9.863,0
memberlist,27,91,n5,9.902,0
memberlist,27,91,n6,9.909,0
memberlist,27,91,n7,9.977,0
memberlist,27,91,n8,9.967,0
memberlist,27,91,n9,9.799,0
memberlist,27,91,n10,10.016,0
memberlist,27,91,n11,9.977,0
memberlist,27,91,n12,9.949,0
memberlist,27,91,n13,10.023,0
memberlist,27,91,n14,9.966,0
memberlist,27,91,n15,9.966,0
memberlist,27,91,n16,10.028,0
memberlist,27,91,n17,10.049,0
memberlist,27,91,n18,9.967,0
memberlist,27,91,n19,10.033,0
memberlist,27,91,n20,9.857,0
memberlist,27,91,n21,9.879,0
memberlist,27,91,n22,10.007,0
memberlist,27,91,n23,10.015,0
memberlist,27,91,n24,10.012,0
memberlist,27,91,n25,9.968,0
memberlist,27,91,n26,9.900,0
memberlist,27,91,n27,9.986,0
memberlist,27,91,n28,9.786,0
memberlist,27,91,n29,9.863,0
memberlist,27,91,n30,9.995,0
memberlist,27,91,n31,9.989,0
memberlist,27,91,n32,10.022,0
memberlist,27,91,n33,9.863,0
memberlist,27,91,n34,9.785,0
memberlist,27,91,n35,9.905,0
memberlist,27,91,n36,10.012,0
memberlist,27,91,n37,9.968,0
memberlist,27,91,n38,9.986,0
memberlist,27,91,n39,9.984,0
memberlist,27,91,n40,9.878,0
memberlist,27,91,n41,9.995,0
memberlist,27,91,n42,9.963,0
memberlist,27,91,n43,9.909,0
memberlist,27,91,n44,9.987,0
memberlist,27,91,n45,10.008,0
memberlist,27,91,n46,9.944,0
memberlist,27,91,n47,10.011,0
memberlist,27,91,n48,9.985,0
memberlist,27,91,n49,9.857,0
memberlist,27,91,n50,9.910,0
memberlist,27,91,n51,10.046,0
memberlist,27,91,n52,10.008,0
memberlist,27,91,n53,9.801,0
memberlist,27,91,n54,9.906,0
memberlist,27,91,n55,10.040,0
memberlist,27,91,n56,9.909,0
memberlist,27,91,n57,9.995,0
memberlist,27,91,n58,9.905,0
memberlist,27,91,n59,9.962,0
memberlist,27,91,n60,9.962,0
memberlist,27,91,n61,10.000,0
memberlist,27,91,n62,9.967,0
memberlist,27,91,n63,9.857,0
memberlist,27,91,n64,9.984,0
memberlist,27,91,n65,9.986,0
memberlist,27,91,n66,10.092,0
memberlist,27,91,n67,9.800,0
memberlist,27,91,n68,9.966,0
memberlist,27,91,n69,9.801,0
memberlist,27,91,n70,10.062,0
memberlist,27,91,n71,9.968,0
memberlist,27,91,n72,9.879,0
memberlist,27,91,n73,9.857,0
memberlist,27,91,n74,10.040,0
memberlist,27,91,n75,9.988,0
memberlist,27,91,n76,9.898,0
memberlist,27,91,n77,9.986,0
memberlist,27,91,n78,9.987,0
memberlist,27,91,n79,9.864,0
memberlist,27,91,n80,9.878,0
memberlist,27,91,n81,10.093,0
memberlist,27,91,n82,10.023,0
memberlist,27,91,n83,9.801,0
memberlist,27,91,n84,10.013,0
memberlist,27,91,n85,9.908,0
memberlist,27,91,n86,9.801,0
memberlist,27,91,n87,9.930,0
memberlist,27,91,n88,10.015,0
memberlist,27,91,n89,9.954,0
memberlist,27,91,n90,9.949,0
memberlist,27,91,n92,10.038,0
memberlist,27,91,n93,10.036,0
memberlist,27,91,n94,9.906,0
memberlist,27,91,n95,9.995,0
memberlist,27,91,n96,9.863,0
memberlist,27,91,n97,9.944,0
memberlist,27,91,n98,9.932,0
memberlist,27,91,n99,9.863,0
kinship,28,65,n0,9.210,0
kinship,28,65,n1,9.211,0
kinship,28,65,n2,9.206,0
kinship,28,65,n3,9.215,0
kinship,28,65,n4,9.215,0
kinship,28,65,n5,9.212,0
kinship,28,65,n6,9.263,0
kinship,28,65,n7,9.211,0
kinship,28,65,n8,9.234,0
kinship,28,65,n9,9.214,0
kinship,28,65,n10,9.213,0
kinship,28,65,n11,9.216,0
kinship,28,65,n12,9.216,0
kinship,28,65,n13,9.214,0
kinship,28,65,n14,9.212,0
kinship,28,65,n15,9.214,0
kinship,28,65,n16,9.220,0
kinship,28,65,n17,9.206,0
kinship,28,65,n18,9.216,0
kinship,28,65,n19,9.212,0
kinship,28,65,n20,9.215,0
kinship,28,65,n21,9.212,0
kinship,28,65,n22,9.211,0
kinship,28,65,n23,9.209,0
kinship,28,65,n24,9.213,0
kinship,28,65,n25,9.216,0
kinship,28,65,n26,9.212,0
kinship,28,65,n27,9.212,0
kinship,28,65,n28,9.279,0
kinship,28,65,n29,9.215,0
kinship,28,65,n30,9.213,0
kinship,28,65,n31,9.214,0
kinship,28,65,n32,9.215,0
kinship,28,65,n33,9.216,0
kinship,28,65,n34,9.213,0
kinship,28,65,n35,9.209,0
kinship,28,65,n36,9.212,0
kinship,28,65,n37,9.214,0
kinship,28,65,n38,9.213,0
kinship,28,65,n39,9.208,0
kinship,28,65,n40,9.233,0
kinship,28,65,n41,9.212,0
kinship,28,65,n42,9.214,0
kinship,28,65,n43,9.213,0
kinship,28,65,n44,9.215,0
kinship,28,65,n45,9.213,0
kinship,28,65,n46,9.213,0
kinship,28,65,n47,9.217,0
kinship,28,65,n48,9.209,0
kinship,28,65,n49,9.211,0
kinship,28,65,n50,9.215,0
kinship,28,65,n51,9.212,0
kinship,28,65,n52,9.216,0
kinship,28,65,n53,9.216,0
kinship,28,65,n54,9.217,0
kinship,28,65,n55,9.213,0
kinship,28,65,n56,9.214,0
kinship,28,65,n57,9.208,0
kinship,28,65,n58,9.216,0
kinship,28,65,n59,9.213,0
kinship,28,65,n60,9.219,0
kinship,28,65,n61,9.209,0
kinship,28,65,n62,9.216,0
kinship,28,65,n63,9.218,0
kinship,28,65,n64,9.212,0
kinship,28,65,n66,9.208,0
kinship,28,65,n67,9.210,0
kinship,28,65,n68,9.213,0
kinship,28,65,n69,9.217,0
kinship,28,65,n70,9.208,0
kinship,28,65,n71,9.210,0
kinship,28,65,n72,9.213,0
kinship,28,65,n73,9.213,0
kinship,28,65,n74,9.209,0
kinship,28,65,n75,9.209,0
kinship,28,65,n76,9.211,0
kinship,28,65,n77,9.216,0
kinship,28,65,n78,9.216,0
kinship,28,65,n79,9.212,0
kinship,28,65,n80,9.319,0
kinship,28,65,n81,9.217,0
kinship,28,65,n82,9.216,0
kinship,28,65,n83,9.216,0
kinship,28,65,n84,9.212,0
kinship,28,65,n85,9.213,0
kinship,28,65,n86,9.215,0
kinship,28,65,n87,9.207,0
kinship,28,65,n88,9.216,0
kinship,28,65,n89,9.207,0
kinship,28,65,n90,9.216,0
kinship,28,65,n91,9.209,0
kinship,28,65,n92,9.214,0
kinship,28,65,n93,9.213,0
kinship,28,65,n94,9.218,0
kinship,28,65,n95,9.210,0
kinship,28,65,n96,9.205,0
kinship,28,65,n97,9.292,0
kinship,28,65,n98,9.213,0
kinship,28,65,n99,9.218,0
memberlist,28,65,n0,9.365,0
memberlist,28,65,n1,9.416,0
memberlist,28,65,n2,9.277,0
memberlist,28,65,n3,9.128,0
memberlist,28,65,n4,9.308,0
memberlist,28,65,n5,9.309,0
memberlist,28,65,n6,9.436,0
memberlist,28,65,n7,9.438,0
memberlist,28,65,n8,9.529,0
memberlist,28,65,n9,9.518,0
memberlist,28,65,n10,9.379,0
memberlist,28,65,n11,9.325,0
memberlist,28,65,n12,9.381,0
memberlist,28,65,n13,9.409,0
memberlist,28,65,n14,9.390,0
memberlist,28,65,n15,9.317,0
memberlist,28,65,n16,9.276,0
memberlist,28,65,n17,9.364,0
memberlist,28,65,n18,9.420,0
memberlist,28,65,n19,9.345,0
memberlist,28,65,n20,9.276,0
memberlist,28,65,n21,9.498,0
memberlist,28,65,n22,9.381,0
memberlist,28,65,n23,9.353,0
memberlist,28,65,n24,9.364,0
memberlist,28,65,n25,9.483,0
memberlist,28,65,n26,9.276,0
memberlist,28,65,n27,9.325,0
memberlist,28,65,n28,9.317,0
memberlist,28,65,n29,9.547,0
memberlist,28,65,n30,9.317,0
memberlist,28,65,n31,9.456,0
memberlist,28,65,n32,9.514,0
memberlist,28,65,n33,9.383,0
memberlist,28,65,n34,9.319,0
memberlist,28,65,n35,9.276,0
memberlist,28,65,n36,9.330,0
memberlist,28,65,n37,9.419,0
memberlist,28,65,n38,9.393,0
memberlist,28,65,n39,9.330,0
memberlist,28,65,n40,9.429,0
memberlist,28,65,n41,9.358,0
memberlist,28,65,n42,9.396,0
memberlist,28,65,n43,9.382,0
memberlist,28,65,n44,9.468,0
memberlist,28,65,n45,9.418,0
memberlist,28,65,n46,9.446,0
memberlist,28,65,n47,9.446,0
memberlist,28,65,n48,9.390,0
memberlist,28,65,n49,9.292,0
memberlist,28,65,n50,9.352,0
memberlist,28,65,n51,9.163,0
memberlist,28,65,n52,9.319,0
memberlist,28,65,n53,9.309,0
memberlist,28,65,n54,9.310,0
memberlist,28,65,n55,9.448,0
memberlist,28,65,n56,9.277,0
memberlist,28,65,n57,9.459,0
memberlist,28,65,n58,9.400,0
memberlist,28,65,n59,9.276,0
memberlist,28,65,n60,9.325,0
memberlist,28,65,n61,9.430,0
memberlist,28,65,n62,9.381,0
memberlist,28,65,n63,9.276,0
memberlist,28,65,n64,9.310,0
memberlist,28,65,n66,9.423,0
memberlist,28,65,n67,9.465,0
memberlist,28,65,n68,9.353,0
memberlist,28,65,n69,9.358,0
memberlist,28,65,n70,9.382,0
memberlist,28,65,n71,9.309,0
memberlist,28,65,n72,9.166,0
memberlist,28,65,n73,9.438,0
memberlist,28,65,n74,9.276,0
memberlist,28,65,n75,9.310,0
memberlist,28,65,n76,9.327,0
memberlist,28,65,n77,9.130,0
memberlist,28,65,n78,9.388,0
memberlist,28,65,n79,9.278,0
memberlist,28,65,n80,9.393,0
memberlist,28,65,n81,9.481,0
memberlist,28,65,n82,9.382,0
memberlist,28,65,n83,9.307,0
memberlist,28,65,n84,9.363,0
memberlist,28,65,n85,9.275,0
memberlist,28,65,n86,9.318,0
memberlist,28,65,n87,9.400,0
memberlist,28,65,n88,9.276,0
memberlist,28,65,n89,9.388,0
memberlist,28,65,n90,9.388,0
memberlist,28,65,n91,9.432,0
memberlist,28,65,n92,9.310,0
memberlist,28,65,n93,9.324,0
memberlist,28,65,n94,9.201,0
memberlist,28,65,n95,9.381,0
memberlist,28,65,n96,9.392,0
memberlist,28,65,n97,9.437,0
memberlist,28,65,n98,9.317,0
memberlist,28,65,n99,9.325,0
kinship,29,8,n0,8.974,0
kinship,29,8,n1,8.968,0
kinship,29,8,n2,8.966,0
kinship,29,8,n3,8.971,0
kinship,29,8,n4,8.992,0
kinship,29,8,n5,8.973,0
kinship,29,8,n6,8.969,0
kinship,29,8,n7,9.013,0
kinship,29,8,n9,8.975,0
kinship,29,8,n10,8.972,0
kinship,29,8,n11,8.974,0
kinship,29,8,n12,8.966,0
kinship,29,8,n13,8.973,0
kinship,29,8,n14,8.991,0
kinship,29,8,n15,8.964,0
kinship,29,8,n16,8.975,0
kinship,29,8,n17,8.981,0
kinship,29,8,n18,8.969,0
kinship,29,8,n19,8.976,0
kinship,29,8,n20,8.976,0
kinship,29,8,n21,8.980,0
kinship,29,8,n22,8.978,0
kinship,29,8,n23,8.975,0
kinship,29,8,n24,8.974,0
kinship,29,8,n25,8.973,0
kinship,29,8,n26,8.966,0
kinship,29,8,n27,8.979,0
kinship,29,8,n28,8.974,0
kinship,29,8,n29,8.975,0
kinship,29,8,n30,8.975,0
kinship,29,8,n31,8.968,0
kinship,29,8,n32,8.982,0
kinship,29,8,n33,8.975,0
kinship,29,8,n34,8.977,0
kinship,29,8,n35,8.973,0
kinship,29,8,n36,8.983,0
kinship,29,8,n37,8.974,0
kinship,29,8,n38,8.975,0
kinship,29,8,n39,8.970,0
kinship,29,8,n40,8.976,0
kinship,29,8,n41,9.014,0
kinship,29,8,n42,8.999,0
kinship,29,8,n43,8.973,0
kinship,29,8,n44,8.992,0
kinship,29,8,n45,8.968,0
kinship,29,8,n46,8.975,0
kinship,29,8,n47,8.976,0
kinship,29,8,n48,8.971,0
kinship,29,8,n49,8.977,0
kinship,29,8,n50,8.973,0
kinship,29,8,n51,8.972,0
kinship,29,8,n52,8.978,0
kinship,29,8,n53,8.976,0
kinship,29,8,n54,8.972,0
kinship,29,8,n55,8.977,0
kinship,29,8,n56,8.993,0
kinship,29,8,n57,8.974,0
kinship,29,8,n58,8.971,0
kinship,29,8,n59,8.972,0
kinship,29,8,n60,8.972,0
kinship,29,8,n61,8.971,0
kinship,29,8,n62,8.972,0
kinship,29,8,n63,8.977,0
kinship,29,8,n64,8.970,0
kinship,29,8,n65,8.973,0
kinship,29,8,n66,8.971,0
kinship,29,8,n67,8.968,0
kinship,29,8,n68,8.970,0
kinship,29,8,n69,8.973,0
kinship,29,8,n70,8.969,0
kinship,29,8,n71,8.974,0
kinship,29,8,n72,8.974,0
kinship,29,8,n73,8.975,0
kinship,29,8,n74,8.965,0
kinship,29,8,n75,8.972,0
kinship,29,8,n76,8.971,0
kinship,29,8,n77,8.976,0
kinship,29,8,n78,8.970,0
kinship,29,8,n79,8.972,0
kinship,29,8,n80,8.974,0
kinship,29,8,n81,8.974,0
kinship,29,8,n82,8.978,0
kinship,29,8,n83,8.974,0
kinship,29,8,n84,8.969,0
kinship,29,8,n85,8.975,0
kinship,29,8,n86,8.974,0
kinship,29,8,n87,8.971,0
kinship,29,8,n88,8.977,0
kinship,29,8,n89,8.972,0
kinship,29,8,n90,8.973,0
kinship,29,8,n91,8.974,0
kinship,29,8,n92,8.973,0
kinship,29,8,n93,8.966,0
kinship,29,8,n94,8.971,0
kinship,29,8,n95,8.992,0
kinship,29,8,n96,8.972,0
kinship,29,8,n97,8.975,0
kinship,29,8,n98,8.976,0
kinship,29,8,n99,8.969,0
memberlist,29,8,n0,9.466,0
memberlist,29,8,n1,9.442,0
memberlist,29,8,n2,9.515,0
memberlist,29,8,n3,9.442,0
memberlist,29,8,n4,9.424,0
memberlist,29,8,n5,9.459,0
memberlist,29,8,n6,9.367,0
memberlist,29,8,n7,9.482,0
memberlist,29,8,n9,9.368,0
memberlist,29,8,n10,9.424,0
memberlist,29,8,n11,9.487,0
memberlist,29,8,n12,9.510,0
memberlist,29,8,n13,9.447,0
memberlist,29,8,n14,9.444,0
memberlist,29,8,n15,9.423,0
memberlist,29,8,n16,9.482,0
memberlist,29,8,n17,9.554,0
memberlist,29,8,n18,9.493,0
memberlist,29,8,n19,9.546,0
memberlist,29,8,n20,9.379,0
memberlist,29,8,n21,9.514,0
memberlist,29,8,n22,9.481,0
memberlist,29,8,n23,9.380,0
memberlist,29,8,n24,9.489,0
memberlist,29,8,n25,9.522,0
memberlist,29,8,n26,9.392,0
memberlist,29,8,n27,9.481,0
memberlist,29,8,n28,9.443,0
memberlist,29,8,n29,9.546,0
memberlist,29,8,n30,9.615,0
memberlist,29,8,n31,9.494,0
memberlist,29,8,n32,9.606,0
memberlist,29,8,n33,9.539,0
memberlist,29,8,n34,9.472,0
memberlist,29,8,n35,9.442,0
memberlist,29,8,n36,9.423,0
memberlist,29,8,n37,9.599,0
memberlist,29,8,n38,9.472,0
memberlist,29,8,n39,9.431,0
memberlist,29,8,n40,9.513,0
memberlist,29,8,n41,9.316,0
memberlist,29,8,n42,9.424,0
memberlist,29,8,n43,9.464,0
memberlist,29,8,n44,9.442,0
memberlist,29,8,n45,9.391,0
memberlist,29,8,n46,9.368,0
memberlist,29,8,n47,9.538,0
memberlist,29,8,n48,9.421,0
memberlist,29,8,n49,9.422,0
memberlist,29,8,n50,9.445,0
memberlist,29,8,n51,9.367,0
memberlist,29,8,n52,9.470,0
memberlist,29,8,n53,9.513,0
memberlist,29,8,n54,9.538,0
memberlist,29,8,n55,9.462,0
memberlist,29,8,n56,9.391,0
memberlist,29,8,n57,9.442,0
memberlist,29,8,n58,9.464,0
memberlist,29,8,n59,9.367,0
memberlist,29,8,n60,9.546,0
memberlist,29,8,n61,9.391,0
memberlist,29,8,n62,9.551,0
memberlist,29,8,n63,9.503,0
memberlist,29,8,n64,9.501,0
memberlist,29,8,n65,9.467,0
memberlist,29,8,n66,9.378,0
memberlist,29,8,n67,9.514,0
memberlist,29,8,n68,9.463,0
memberlist,29,8,n69,9.488,0
memberlist,29,8,n70,9.513,0
memberlist,29,8,n71,9.423,0
memberlist,29,8,n72,9.448,0
memberlist,29,8,n73,9.515,0
memberlist,29,8,n74,9.466,0
memberlist,29,8,n75,9.514,0
memberlist,29,8,n76,9.533,0
memberlist,29,8,n77,9.525,0
memberlist,29,8,n78,9.555,0
memberlist,29,8,n79,9.379,0
memberlist,29,8,n80,9.470,0
memberlist,29,8,n81,9.560,0
memberlist,29,8,n82,9.511,0
memberlist,29,8,n83,9.377,0
memberlist,29,8,n84,9.448,0
memberlist,29,8,n85,9.531,0
memberlist,29,8,n86,9.635,0
memberlist,29,8,n87,9.548,0
memberlist,29,8,n88,9.531,0
memberlist,29,8,n89,9.314,0
memberlist,29,8,n90,9.442,0
memberlist,29,8,n91,9.552,0
memberlist,29,8,n92,9.447,0
memberlist,29,8,n93,9.474,0
memberlist,29,8,n94,9.616,0
memberlist,29,8,n95,9.377,0
memberlist,29,8,n96,9.463,0
memberlist,29,8,n97,9.422,0
memberlist,29,8,n98,9.420,0
memberlist,29,8,n99,9.366,0
